"beta_error","beta_sd_avg","omega_error","omega_sd_avg","rho_error","rho_sd_avg","rho","n_reps","beta_free","omega_var","Tfull","N"
1.46011033061946,9.14249177357561,50.6917155397864,441.503095309165,0.117727607451736,0.29505558042505,-0.9,500,2.8,16,2,50
1.55198383393812,8.64318085952208,56.6823063948212,551.569971447733,0.237898984031036,1.32561499764047,-0.6,500,2.8,16,2,50
1.36798714017297,6.32876817300302,177.962471340172,1213.13203046221,0.336770015345483,1.89570442474907,-0.3,500,2.8,16,2,50
0.697492030078802,2.97832058097529,22.6801237096552,242.208540884604,0.179550712267637,1.83580359486076,0,500,2.8,16,2,50
3.10985891070784,5.99218770611611,4042.97156014996,4708.36093659231,-0.0234656253459726,4.00716716520186,0.3,500,2.8,16,2,50
5.46060085244127,6.77936218361222,21580.8639619659,14919.1687643299,-0.186007092482551,6.4936013707457,0.6,500,2.8,16,2,50
1.39179292159948,5.56470605942708,226.915749845497,1410.96214346709,-0.285608469445943,1.74537395970597,0.9,500,2.8,16,2,50
1.41136319308025,9.95071288805055,41.1488480399304,369.797203427571,0.104541692177964,0.293708164138415,-0.9,500,2.9,16,2,50
1.31002085017611,7.51866198878058,45.5812392268647,437.00639667554,0.290998332791113,1.02245795823782,-0.6,500,2.9,16,2,50
0.901340607734691,4.24414614783269,25.2891992434307,190.501412921434,0.303505236990183,1.55707168656059,-0.3,500,2.9,16,2,50
1.10471281359884,4.97295422550712,57.5734919854369,542.230989007381,0.139686864051154,2.72279039682158,0,500,2.9,16,2,50
1.27218309942505,5.62292877302765,143.698573016397,1117.27683201193,0.0254431277197602,2.74818332438901,0.3,500,2.9,16,2,50
3.77056355469693,4.28040693949348,12415.8755327376,8774.19126352034,-0.192818137359582,4.40842523265189,0.6,500,2.9,16,2,50
6.18615644473195,6.98199305741154,13088.7632846064,8931.17413531597,-0.30447685196173,5.20225302438422,0.9,500,2.9,16,2,50
1.43568329892576,10.0129066963812,41.4380000990085,366.825256139392,0.100164701098302,0.284815015965887,-0.9,500,3,16,2,50
1.78756554925509,11.7117704370238,91.1316411421486,1079.90949752192,0.27757954874651,1.0199124297081,-0.6,500,3,16,2,50
2.34688370999898,7.85918249785518,917.966149150066,2614.22514598923,0.297087167676253,2.57757748829959,-0.3,500,3,16,2,50
18.0343341583565,8.33436493721801,130356.84404933,32982.1895936193,0.145054419824426,4.0388505859122,0,500,3,16,2,50
0.998069933977977,3.26184257056004,18.1740952267097,90.5995557193575,0.00508135595112195,2.21113262903678,0.3,500,3,16,2,50
3.79705638520254,5.79907086478025,7506.09232250391,8499.70497284646,-0.189431783164922,6.24233325781462,0.6,500,3,16,2,50
1.10051737040702,3.36214357620491,20.4720082211548,76.19906626442,-0.284222107513368,1.69977267969094,0.9,500,3,16,2,50
0.412291265981608,1.52286041948384,7.31750093126337,24.6332944997807,0.0345950702521681,0.0942282159144499,-0.9,500,2.8,16,3,50
0.349747868565333,1.89846666472591,21.8892436059101,246.738690780142,0.141870878325899,0.349986428540527,-0.6,500,2.8,16,3,50
0.319632323590186,1.1597604206279,6.26105955156632,17.4533466570996,0.18061385704849,0.577950457852278,-0.3,500,2.8,16,3,50
0.384555797213326,1.13324646706276,5.60259328680454,14.5060899419248,0.0989712289632575,0.756993371884659,0,500,2.8,16,3,50
0.39837295341896,1.11271789072091,5.57552871340277,13.9094031675183,-0.0284675860767637,0.816003546279647,0.3,500,2.8,16,3,50
0.332306951336759,1.12713641247292,6.24948741484117,14.9996582357129,-0.157791864706107,0.827845492614049,0.6,500,2.8,16,3,50
0.290110646504199,1.14926657052143,6.21713597594239,16.0595639432499,-0.19851708619928,0.447267660541529,0.9,500,2.8,16,3,50
0.314798058508872,1.44534639953956,5.42862912671317,19.8184376878135,0.0340057381306493,0.0958590141308142,-0.9,500,2.9,16,3,50
0.322404774962891,1.25311968034959,6.02536159153009,18.5642725610433,0.122090142418193,0.345874104950241,-0.6,500,2.9,16,3,50
0.316924659147011,1.16035348424791,4.85701143070764,14.5047130065314,0.160949001172226,0.582601053159694,-0.3,500,2.9,16,3,50
0.372939960332492,1.16182838759934,6.41439674686364,15.3106174160008,0.0709931047831701,0.758297401838818,0,500,2.9,16,3,50
0.425778557400632,1.16495602137159,6.53799765197316,15.1544695332135,-0.00930420785762404,0.827526275722988,0.3,500,2.9,16,3,50
0.412115878320546,1.1558249627143,6.09174318950544,14.7055684530345,-0.166673944928064,0.813071147753644,0.6,500,2.9,16,3,50
0.331735605397076,1.16481368914298,6.12674245906701,15.7433502005328,-0.214507635199944,0.462645140713345,0.9,500,2.9,16,3,50
0.322968066612435,1.53328925685242,6.54591537472011,22.478229735038,0.040839870273523,0.101950838554096,-0.9,500,3,16,3,50
0.219021882126343,1.25801797457331,7.83914193418938,22.2354973241382,0.133519570962547,0.349430413762343,-0.6,500,3,16,3,50
0.31021510556104,1.1711288815283,5.15807728993589,14.1170105477517,0.149459968566897,0.567278404579651,-0.3,500,3,16,3,50
0.290599338411326,1.14638891508236,4.0992802875193,13.5100585222539,0.102369888319754,0.726566784405184,0,500,3,16,3,50
0.416825720238915,1.17575076349074,6.63567280893993,16.3814801209983,-0.0290352671275203,0.821745416650152,0.3,500,3,16,3,50
0.497859764536218,1.23230357208099,7.27128465913702,16.1889618776061,-0.161929267122062,0.824021678180194,0.6,500,3,16,3,50
0.26334594785823,1.14209261621155,4.65827064181755,13.7761603003507,-0.20966628666215,0.472009952205738,0.9,500,3,16,3,50
0.0759533072687414,0.988556690377642,2.43011101939167,11.0485266042217,0.019033577098408,0.0613126033492777,-0.9,500,2.8,16,4,50
0.171258801816566,0.920282620477231,2.4227609200135,9.85211575937654,0.0949062715680843,0.225550057578372,-0.6,500,2.8,16,4,50
0.208921958695053,0.921297422026992,3.90491280799333,10.5528330129653,0.139730872696857,0.366619845859386,-0.3,500,2.8,16,4,50
0.132491776763281,0.877042034716972,2.48515585145466,9.40255016701696,0.0721423436943073,0.463493549006968,0,500,2.8,16,4,50
0.272842635877065,0.915636340818266,4.21441789957101,10.3013159650959,-0.0379653822300308,0.518992034682094,0.3,500,2.8,16,4,50
0.171690800967183,0.880321895643087,3.28326918131302,9.83376854942701,-0.152488771499946,0.511820947517397,0.6,500,2.8,16,4,50
0.160544854795967,0.899062540839053,2.30305500919374,9.7704465099472,-0.171172316777182,0.257722286296081,0.9,500,2.8,16,4,50
0.142336569034118,1.04851446051608,3.52686650482455,12.4102063599683,0.0179608301728851,0.0621783962859075,-0.9,500,2.9,16,4,50
0.211458782682391,0.938500850129577,2.24447312366807,9.81332501692043,0.0892217454324351,0.222576097154156,-0.6,500,2.9,16,4,50
0.221288411626502,0.926321278784579,3.30193712138125,10.1327411776783,0.105665866848512,0.362734473695963,-0.3,500,2.9,16,4,50
0.191721285014981,0.894061663979703,2.63740561316874,9.42737447305566,0.0886430409044864,0.478440569603286,0,500,2.9,16,4,50
0.201001964535837,0.899990269853515,3.37644766748333,9.74549129879785,-0.0410244847321244,0.51818801089711,0.3,500,2.9,16,4,50
0.124860256242184,0.885161819280841,2.74104058714823,9.48141258428513,-0.163406635280883,0.493047398639872,0.6,500,2.9,16,4,50
0.192539192998848,0.938571221620763,3.47597206748045,10.7178262879016,-0.154679884277117,0.250835643004041,0.9,500,2.9,16,4,50
0.171666466979078,1.05499617107822,3.06388213307165,11.7696240588245,0.0245689846504481,0.0657388577579128,-0.9,500,3,16,4,50
0.0582415668733411,0.904583002764167,1.21171668729034,9.02737418980485,0.110306638007601,0.237190909831186,-0.6,500,3,16,4,50
0.187503099667946,0.926387206081324,2.83567432584885,9.634833137893,0.125797895032445,0.375943297094387,-0.3,500,3,16,4,50
0.209158450608333,0.924972037630979,3.10156554961285,9.9712474413889,0.0424562748992058,0.462422145939748,0,500,3,16,4,50
0.197721782742977,0.925074435741188,3.4017240765244,9.92612219987986,-0.0510831372921727,0.51903107052523,0.3,500,3,16,4,50
0.217262403006812,0.908984215278125,3.22149543684618,9.6914620820196,-0.156656744505796,0.501055102423263,0.6,500,3,16,4,50
0.150515798977802,0.928653210577372,2.68658997985053,10.0124655369087,-0.142623835682446,0.244519201083209,0.9,500,3,16,4,50
1.36805595369084,7.04743784065596,38.7566083904084,242.04737994825,0.0873613865564492,0.215217789135512,-0.9,500,2.8,16,2,60
0.879915185611451,4.165590938935,34.8347364858997,254.469723943141,0.256296230944781,0.729474092995583,-0.6,500,2.8,16,2,60
0.712239144691646,3.1950886753818,18.8234206227781,119.924357952886,0.246426655283097,1.13940659498581,-0.3,500,2.8,16,2,60
0.644892049597826,2.28313761966479,13.1186848133526,48.6704294829855,0.149034083891468,1.56348141485458,0,500,2.8,16,2,60
0.711025618421912,2.28558344075181,12.7580852714468,46.9953083176277,-0.0162813212455618,1.65193692123552,0.3,500,2.8,16,2,60
0.981665845100213,3.18592777818693,32.8599125533519,186.304768014727,-0.164695060801909,1.74255805866859,0.6,500,2.8,16,2,60
0.598938661555461,2.12110212570176,11.0622179105932,42.9805431528718,-0.237385792211654,1.07017994244515,0.9,500,2.8,16,2,60
1.008942005865,6.4273450855059,29.6446951222132,195.422045645648,0.0839199261163336,0.228830272855277,-0.9,500,2.9,16,2,60
0.821028196909445,4.06409624845199,25.297897672391,166.162239120051,0.247926645000517,0.718316100835168,-0.6,500,2.9,16,2,60
0.614533601174162,3.21850409735345,20.5892097065395,203.858264540323,0.276653327274905,1.14935420089987,-0.3,500,2.9,16,2,60
6.42461808376728,4.90627459113296,26281.2520167286,12693.5598678853,0.182836061907376,3.49505756895925,0,500,2.9,16,2,60
0.684361036521627,2.53385774240842,13.4431830082835,69.1213747718782,0.0318987785641758,1.66389884088364,0.3,500,2.9,16,2,60
0.694910103437584,2.6941808741969,19.0010192167265,126.933755018786,-0.198265110571406,1.64216900767956,0.6,500,2.9,16,2,60
6.27961819715919,3.89034646997605,28016.8916254378,13133.331582627,-0.262158479558624,3.05554968235986,0.9,500,2.9,16,2,60
1.25321711985359,7.04695060315375,34.2749777699055,223.125366087341,0.0888014373715154,0.234150254099245,-0.9,500,3,16,2,60
1.20879173406113,5.79498554526985,65.6055834700213,592.442099450583,0.264669524824268,0.743556281902659,-0.6,500,3,16,2,60
0.724600085219952,2.86826715034446,18.1646034369845,92.7822700219006,0.270873229118733,1.15549754351491,-0.3,500,3,16,2,60
0.721147231000198,2.92806209285454,21.038316857857,167.280042610577,0.190441445563796,1.46016993067484,0,500,3,16,2,60
0.823254567922531,3.3282662225219,23.5300059838176,288.717820840729,0.0248394294799007,1.67178359738988,0.3,500,3,16,2,60
1.51540726919828,5.46327804517647,235.079799835117,1490.8015144068,-0.187940962560347,2.50917126202046,0.6,500,3,16,2,60
0.650965985308755,2.16590496940102,12.0914031947247,39.2836586930854,-0.220023362843688,0.975982923439917,0.9,500,3,16,2,60
0.348389189052449,1.3869829804458,7.15356326486317,23.9410308604957,0.0203309172095026,0.0773032442032092,-0.9,500,2.8,16,3,60
0.144127461408238,0.99169317209611,2.95171969313643,11.4706088183253,0.108105027761757,0.293512023868567,-0.6,500,2.8,16,3,60
0.17334873454697,0.965411973952264,3.93962493909626,12.0087214295527,0.118655457476379,0.469069661988648,-0.3,500,2.8,16,3,60
0.281886002565856,0.972058964354469,4.57315562213062,11.6380665715759,0.102434189375787,0.662288929243192,0,500,2.8,16,3,60
0.268141581517391,0.966205479713527,4.55276346206686,11.5918319737071,-0.0338206887959892,0.736818267572793,0.3,500,2.8,16,3,60
0.252131672078696,0.932598484623963,3.86487293004323,10.9460492227354,-0.168008234479874,0.721934787279412,0.6,500,2.8,16,3,60
0.185543373489657,0.969964797838238,4.65067678169206,12.224422498439,-0.186138479651439,0.333166101165752,0.9,500,2.8,16,3,60
0.268233295460334,1.259106511081,5.40648413235678,17.0200730284425,0.02281772528974,0.0793669232824037,-0.9,500,2.9,16,3,60
0.172140254337872,1.03533236775066,4.27711771108783,12.96400298038,0.118954034736956,0.301471384856226,-0.6,500,2.9,16,3,60
0.194284335087235,0.995398391063531,3.64993979937709,11.9217948628836,0.162866010685933,0.49348279466946,-0.3,500,2.9,16,3,60
0.251470679826286,0.989300024826905,4.30430860577113,11.8343908166966,0.063249002175861,0.623612480962852,0,500,2.9,16,3,60
0.248706558179487,0.960242637894047,4.75901826351031,11.4205396362325,-0.00179030739867235,0.718026428244513,0.3,500,2.9,16,3,60
0.330178154701807,0.98334183417859,4.80134175295504,11.6200434002972,-0.15844694672239,0.717766044418164,0.6,500,2.9,16,3,60
0.24408771016063,0.99954015673383,4.86567720136354,13.0758146165735,-0.220138432224056,0.4055830156365,0.9,500,2.9,16,3,60
0.339378735806333,1.34492563243174,6.40154092262079,17.9108637002026,0.0193109036164319,0.0782880968629059,-0.9,500,3,16,3,60
0.252911029444379,1.0981374894858,5.10453784901337,15.4495366646881,0.11195323922284,0.294314883585284,-0.6,500,3,16,3,60
0.229167452116356,1.00593901893713,3.13983037978153,11.0825558759308,0.109932689544702,0.477613123950876,-0.3,500,3,16,3,60
0.311446088962478,1.00332823164008,4.36254267545649,11.4142912880453,0.0873814026560634,0.669065242238673,0,500,3,16,3,60
0.257331516161869,0.976191704878903,4.2456877723634,11.1844576809846,0.00617071259901474,0.713613579645846,0.3,500,3,16,3,60
0.280884630935084,0.991117347937979,4.7580032063524,11.6421103796469,-0.146528300566113,0.736221614833645,0.6,500,3,16,3,60
0.187076524415196,0.989347552017818,3.62997553365817,11.316779247634,-0.191378923275779,0.351521511005836,0.9,500,3,16,3,60
0.114624501066771,0.912098269246759,2.90291873172745,10.3804003564879,0.0198524373733404,0.056729828336922,-0.9,500,2.8,16,4,60
0.0729084735744921,0.809474003972201,1.79629042490364,8.47745748857976,0.0714633359374922,0.196642771855432,-0.6,500,2.8,16,4,60
0.123804034389451,0.796168637801439,2.08363225382258,8.33114728857663,0.123671489896885,0.333686874040965,-0.3,500,2.8,16,4,60
0.219150458257631,0.80407483725086,2.806763531586,8.88836372841066,0.100141257321329,0.420611086961099,0,500,2.8,16,4,60
0.142858394415177,0.781994440452119,2.26310964799063,8.2338046266997,-0.0148226113031157,0.454198390555909,0.3,500,2.8,16,4,60
0.17252709184333,0.793216696779081,2.89169389578306,8.72479985780144,-0.134262230379746,0.44004207539902,0.6,500,2.8,16,4,60
0.0722141114042761,0.794908331048122,1.62050389824178,8.45983566457135,-0.144885576880151,0.224031999355607,0.9,500,2.8,16,4,60
0.1399505386072,0.940192863727468,2.90905233547186,10.5800969308218,0.0181452844558648,0.0566943370041375,-0.9,500,2.9,16,4,60
0.0491829398490828,0.821567117944754,1.82911415584944,8.60371168094993,0.0846860010867183,0.203297953674052,-0.6,500,2.9,16,4,60
0.0795642088451912,0.801614109706992,2.23874530786778,8.42654759786094,0.119969382728071,0.323384902386185,-0.3,500,2.9,16,4,60
0.155077627857373,0.800982442860678,2.39732827679327,8.41900888547982,0.0849470300539763,0.424371001433653,0,500,2.9,16,4,60
0.225634981223084,0.805542841473859,2.65298637826144,8.3925420330209,-0.0297439627260608,0.460682265057209,0.3,500,2.9,16,4,60
0.189367294060097,0.806348315060121,2.64434041709637,8.48400411177304,-0.139701479119487,0.440763162529217,0.6,500,2.9,16,4,60
0.145113926768504,0.816287387067934,1.7175305173484,8.52821141043123,-0.128149808236169,0.205918000920838,0.9,500,2.9,16,4,60
0.236503347269417,0.973664925127241,3.32244820723373,10.5081705486089,0.0112812145895726,0.0535409061584196,-0.9,500,3,16,4,60
0.122786588964133,0.852709731471088,2.05787104390661,8.66594933984549,0.0718497369110292,0.197581827670468,-0.6,500,3,16,4,60
0.079529036861743,0.816911596699304,2.4090633390779,8.46986186098388,0.114806201142849,0.338563482354131,-0.3,500,3,16,4,60
0.121993153409759,0.813225648847392,2.68071170769664,8.55495343743358,0.108332514693367,0.40517202385004,0,500,3,16,4,60
0.162466796117762,0.803339711206547,1.94269064192131,8.02603217186295,-0.0165165668096551,0.443669588331349,0.3,500,3,16,4,60
0.172136693830763,0.815203323942424,2.68136112380863,8.52640043538018,-0.136928590781509,0.452377787890868,0.6,500,3,16,4,60
0.120044483952934,0.840366119996046,2.86166874658422,9.10508961076361,-0.145984180301506,0.221665930369857,0.9,500,3,16,4,60
0.922195535680776,5.12229570589294,26.4111383522973,156.281457775541,0.0719258185840701,0.193636422459432,-0.9,500,2.8,16,2,70
0.846584892167787,3.42430292377043,26.5736838740816,160.034110333113,0.194912980849314,0.621524676404022,-0.6,500,2.8,16,2,70
0.549181284159393,2.35378397346139,18.1497954788835,102.693747848885,0.245441238763383,0.900598680189028,-0.3,500,2.8,16,2,70
0.531516459718071,1.7832518559493,9.4136449945828,32.4968640153502,0.166477413044333,1.23326998742083,0,500,2.8,16,2,70
0.536093858315258,1.68096622300691,9.35983559260822,28.7120169184105,-0.011630201925046,1.33418952842523,0.3,500,2.8,16,2,70
0.607919082890951,1.67934616108766,10.3387479603539,28.0521249034983,-0.171438753141099,1.31122090900602,0.6,500,2.8,16,2,70
0.681482722955116,2.35519630188495,20.4888565089802,117.811443275138,-0.209312371187159,0.810934362788476,0.9,500,2.8,16,2,70
1.21531401133539,5.86671986804551,31.8626213716134,180.289235482574,0.0664520177161494,0.198341069850808,-0.9,500,2.9,16,2,70
0.857839438665459,3.93138703110103,28.9486224153035,219.357195906241,0.202552071401887,0.561709109321844,-0.6,500,2.9,16,2,70
0.417457124867677,1.87812632394225,8.60229621292564,34.1894768476495,0.248616286486796,0.939151805698044,-0.3,500,2.9,16,2,70
0.69569151565802,2.09833561635917,14.7354859304803,55.018981736382,0.155966951712764,1.31871036168701,0,500,2.9,16,2,70
0.610230760790871,2.12046347417734,12.5962504053376,48.822306460055,-0.00422151063348358,1.33735968640603,0.3,500,2.9,16,2,70
1.14101211418834,3.99350422900294,237.095074572977,1398.58854188253,-0.166451469767314,2.46989920283476,0.6,500,2.9,16,2,70
0.572017654346826,1.74280057616006,10.6298472706986,32.7193832730423,-0.238773075068236,0.713937368420758,0.9,500,2.9,16,2,70
1.01288232559253,5.46857015885827,27.6634219319076,162.637910697274,0.0776796205982597,0.194365372640053,-0.9,500,3,16,2,70
0.610214501961218,3.19311802728452,18.4582308691588,105.909220538423,0.227343252953335,0.623018056102074,-0.6,500,3,16,2,70
0.817163450726398,3.48692804396165,46.4142749591812,444.924456217312,0.254393819393583,1.03012095477063,-0.3,500,3,16,2,70
0.602488476594582,2.22197269628699,13.7293885917421,70.7782410777472,0.156919013387494,1.2302063359558,0,500,3,16,2,70
0.776849970256779,3.03871082882619,30.5452715883659,357.695843964329,-0.0156847096167629,1.32569185650194,0.3,500,3,16,2,70
0.689560384336592,1.82587083710285,11.3166669523664,29.9655511355909,-0.173448107875586,1.36861206067033,0.6,500,3,16,2,70
0.691346783541058,2.61941371603755,21.1031283512804,169.237548512605,-0.226416473489676,0.897234857148552,0.9,500,3,16,2,70
0.17621793447656,1.05317716675273,2.91247601005871,12.6308123429954,0.0235270154298942,0.0725875198913064,-0.9,500,2.8,16,3,70
0.237695004371923,0.941261181432187,3.65362175400635,12.2761332981396,0.101553853196362,0.265123068162085,-0.6,500,2.8,16,3,70
0.165444815837197,0.857036685916854,2.84192091847225,9.75126142270272,0.143749073238921,0.438057631513009,-0.3,500,2.8,16,3,70
0.257473684476304,0.881793454838563,4.39000232025545,11.0399047411672,0.0843707707900204,0.540389830157669,0,500,2.8,16,3,70
0.234471671700314,0.846938705505674,3.75323328905327,9.66219533156809,-0.00987384368757663,0.632028430364363,0.3,500,2.8,16,3,70
0.241530622158996,0.845854304587413,3.30358904006343,9.42559551400115,-0.147943305439639,0.618798539174588,0.6,500,2.8,16,3,70
0.153271580155087,0.853796906170852,3.33228761826547,10.0471490887635,-0.16928839903448,0.307709543546031,0.9,500,2.8,16,3,70
0.175866212916425,1.11885076582177,4.15478833813277,14.8195596225755,0.0233683671210982,0.0714234605841297,-0.9,500,2.9,16,3,70
0.17292142368949,0.924877214767903,3.34138670105095,10.6641749771655,0.10632700988775,0.268381256860826,-0.6,500,2.9,16,3,70
0.166391856429994,0.863627435982818,2.50409242445291,9.43818351520742,0.146235603833768,0.436493343809309,-0.3,500,2.9,16,3,70
0.141881965353912,0.841866790285838,2.2663285167656,9.12431792782708,0.110487128449796,0.563918855804465,0,500,2.9,16,3,70
0.24928766968235,0.869948847713486,3.91677071014578,9.8680004983892,-0.036528744873039,0.665461631419529,0.3,500,2.9,16,3,70
0.262519761652918,0.858973914125878,3.63836052972757,9.67863071821967,-0.129924564434498,0.596200619780349,0.6,500,2.9,16,3,70
0.156260747045363,0.863884940460447,3.48322155755911,10.0708224536452,-0.169129944415003,0.301251280604515,0.9,500,2.9,16,3,70
0.193341812307202,1.12606087248793,4.32061429610162,14.3282380237657,0.0188229601807439,0.0705444649735486,-0.9,500,3,16,3,70
0.120208748518909,0.935690835225564,2.63495762834959,10.7667751198281,0.103913697328905,0.264525624124089,-0.6,500,3,16,3,70
0.206516398548877,0.901188805407114,2.51648607638748,9.57578406207588,0.102910376044035,0.435190757763066,-0.3,500,3,16,3,70
0.237175085692014,0.883755071218047,3.05347268509704,9.49111251071708,0.0543382615965628,0.561720006392812,0,500,3,16,3,70
0.231436687769878,0.877816269263335,3.09809094560047,9.54409995780779,-0.0293171014189493,0.637762628934171,0.3,500,3,16,3,70
0.22911785962338,0.867241990994347,3.52503328570387,9.50663377980317,-0.169317666019302,0.642204712725091,0.6,500,3,16,3,70
0.182766247713216,0.889776296516179,3.13126562963356,9.82372680119147,-0.158828167478907,0.275169254901207,0.9,500,3,16,3,70
0.111144670280648,0.830075568774872,2.30697932373334,9.03678671720944,0.0133319340513531,0.0498447626703723,-0.9,500,2.8,16,4,70
0.0454628938244678,0.732600650197023,1.2468183744079,7.42178902895197,0.0756411885234904,0.180376716624216,-0.6,500,2.8,16,4,70
0.0731974417331297,0.718995535251451,1.52176660839353,7.30675351693194,0.0863101391336825,0.29915049794356,-0.3,500,2.8,16,4,70
0.18187826356157,0.724265652223584,2.19671218932055,7.45906953965181,0.0480566737840341,0.371426830313726,0,500,2.8,16,4,70
0.143557355027129,0.71783639887691,2.48539997069799,7.60662815567686,-0.0295529795392254,0.419702715648334,0.3,500,2.8,16,4,70
0.163542503456988,0.716803365616402,2.18803270529536,7.38920139346094,-0.106854644676656,0.39948574253511,0.6,500,2.8,16,4,70
0.0736373431795204,0.722117024930815,1.25698103201193,7.43961625019679,-0.115411574341162,0.176236771365913,0.9,500,2.8,16,4,70
0.108577324066527,0.837790993914189,2.42897083359719,9.29643470159726,0.0147093418529512,0.0498652358299293,-0.9,500,2.9,16,4,70
0.0465311573366734,0.747937854099557,1.34882490913949,7.51731716339936,0.0731015913599359,0.186795382616134,-0.6,500,2.9,16,4,70
0.129233754225962,0.737395519195339,1.83138357379375,7.45702726620545,0.0823042088750295,0.290280928209547,-0.3,500,2.9,16,4,70
0.0302827644305448,0.705522013664387,1.28758956370581,7.03053341200891,0.0714880437105162,0.38480837615599,0,500,2.9,16,4,70
0.185932446508406,0.732852218294821,2.26350241028034,7.41981894168578,-0.00787330119180068,0.408596263261453,0.3,500,2.9,16,4,70
0.169962079383711,0.724929020627455,1.83202277044074,7.24582182953321,-0.144490051883913,0.394766550882538,0.6,500,2.9,16,4,70
0.152626347220845,0.747997790201059,2.0676032281374,7.83599502251128,-0.114392183621248,0.18230356163282,0.9,500,2.9,16,4,70
0.0896859386727358,0.845746694807779,1.98871206625037,8.62360955629905,0.0184287483386194,0.0522454513629252,-0.9,500,3,16,4,70
0.0713731260293881,0.755521279480066,1.20124175164081,7.36437851637429,0.0773849334941422,0.186455896015611,-0.6,500,3,16,4,70
0.0958805950246175,0.742180581514483,1.69604232785137,7.4069224117956,0.0809665924742996,0.284732738450574,-0.3,500,3,16,4,70
0.165494668276834,0.742386980438311,2.13658642155057,7.44154949138015,0.0684891249308458,0.391525211449514,0,500,3,16,4,70
0.201916610346445,0.741766879226596,2.2590656780313,7.46401245694733,-0.0253035440767603,0.412066075900565,0.3,500,3,16,4,70
0.139759937418134,0.72963798658156,2.06046477999679,7.31455715920355,-0.121610025546658,0.386371250224042,0.6,500,3,16,4,70
0.101331424632184,0.756223691848426,2.06837319868163,7.84831457129464,-0.131096875169216,0.182254394470711,0.9,500,3,16,4,70
0.917169649811769,4.63176292106819,24.9886965365851,133.659590207842,0.0576797743694847,0.167203954596776,-0.9,500,2.8,16,2,80
0.558241841779642,2.33623151143713,14.5468748377049,62.4241782349535,0.196310624908129,0.496364062320035,-0.6,500,2.8,16,2,80
0.309548368027882,1.57416296634029,7.65153972767281,35.7356160804482,0.23243259095509,0.792417163072481,-0.3,500,2.8,16,2,80
0.488854897797237,1.49809048274493,9.0424919142126,24.8016419170206,0.141992488017807,1.00059577383924,0,500,2.8,16,2,80
0.557931011142715,1.47235236335981,8.98145876763359,24.0517239134005,0.00595561485093369,1.1507421169032,0.3,500,2.8,16,2,80
0.541810866560581,1.40589935797306,8.64463874977824,21.9431993768399,-0.171512000446648,1.10929435585266,0.6,500,2.8,16,2,80
0.484885451496932,1.41868717853642,8.41335318042704,21.5500703088329,-0.221585915814673,0.655694583808556,0.9,500,2.8,16,2,80
0.963566222853315,4.81031856048422,24.3186323550471,132.902331094252,0.058956369077455,0.165013420983506,-0.9,500,2.9,16,2,80
0.63061093191109,2.90371912487105,24.636488137542,148.197591029777,0.178670431378819,0.525443974513095,-0.6,500,2.9,16,2,80
0.457415446704368,1.9953957577043,13.7632149225918,68.2550415845155,0.207803614691894,0.821889542443008,-0.3,500,2.9,16,2,80
0.64925857691653,1.79404112376245,12.8259597019645,45.5665921382562,0.0980724086907948,1.01553685219255,0,500,2.9,16,2,80
0.570486479121255,1.61918281307997,11.1569309833768,32.6606227396604,-0.0160672012765288,1.16865304094238,0.3,500,2.9,16,2,80
0.600976863596956,1.57282808374335,10.1565053078184,27.539715973561,-0.160014751311874,1.14596532807542,0.6,500,2.9,16,2,80
0.355398673547876,1.36688835413729,6.87549531883149,19.423876193347,-0.184235791101664,0.608054207979504,0.9,500,2.9,16,2,80
0.867305886950531,4.68849893998833,23.4411032868831,124.412321875616,0.0704030375464039,0.171429068809311,-0.9,500,3,16,2,80
0.686510362047339,2.91456008969319,20.4512286767333,113.994796212522,0.182411596203341,0.520382643229613,-0.6,500,3,16,2,80
0.512195359052383,2.01563253813752,11.9887893840541,58.7781685391769,0.214839373418105,0.795776238308082,-0.3,500,3,16,2,80
0.529610036939289,1.66714791668044,9.51615897213116,29.2508314150604,0.139771016745626,1.03598637362804,0,500,3,16,2,80
0.568647734221033,2.01548312401885,13.1777105928353,63.9107723208179,0.0129566652257982,1.22662326684065,0.3,500,3,16,2,80
0.652500388368867,1.57912623176902,9.84222371525055,24.7308582982245,-0.145559481401589,1.12915755615567,0.6,500,3,16,2,80
0.508496640117758,1.54706585234886,8.19266964727589,23.9237751493175,-0.234191767738194,0.583270770253668,0.9,500,3,16,2,80
0.167967879590735,0.965177443039717,3.10103623388877,11.4784297741153,0.011684823075569,0.060735399059205,-0.9,500,2.8,16,3,80
0.0576963661012974,0.804285765803126,2.32409751446954,9.24275763444406,0.078939815276749,0.231259660219842,-0.6,500,2.8,16,3,80
0.106028814284795,0.779520219903359,2.70457043516443,8.82074794238962,0.142725780079274,0.403144459584112,-0.3,500,2.8,16,3,80
0.157258910094633,0.769554212217332,2.62387576338788,8.40919807114359,0.0785134839388999,0.492232669905757,0,500,2.8,16,3,80
0.227826244713203,0.773071818679427,3.05998324578065,8.54611727308013,-0.0234375731629839,0.571406139137133,0.3,500,2.8,16,3,80
0.21568161782554,0.775164288409464,3.33570349654469,8.80231716124007,-0.137956925461998,0.540474114283179,0.6,500,2.8,16,3,80
0.187866752782363,0.798973628941346,2.88494506860118,8.98874020633896,-0.118908972952642,0.23441591934389,0.9,500,2.8,16,3,80
0.266558698397688,1.0364710791368,4.26228657467854,12.6402711444346,0.010481004361082,0.0594367210920196,-0.9,500,2.9,16,3,80
0.206847375698841,0.862877871470717,3.17374056577666,9.70923299820761,0.0617728879767773,0.219981342736812,-0.6,500,2.9,16,3,80
0.149869284681794,0.796125277159765,2.37429892382336,8.64930633872383,0.139953181816523,0.401643649353539,-0.3,500,2.9,16,3,80
0.205495842734602,0.792579683602059,2.67240505055881,8.58765561853182,0.0856416639401155,0.519739985360993,0,500,2.9,16,3,80
0.176602079754295,0.78875239343193,2.90296382071228,8.69492451381778,-0.0343866488767754,0.575233098912369,0.3,500,2.9,16,3,80
0.157557482369689,0.76847725875761,2.85427124624986,8.44626711190736,-0.127669468867396,0.547615886921515,0.6,500,2.9,16,3,80
0.14539555184801,0.798907274660934,2.87416986961574,8.93137982474113,-0.113864377109129,0.225751312441387,0.9,500,2.9,16,3,80
0.211625893637475,1.02496299001418,3.54849712819438,12.1411435719939,0.0153443816252181,0.0625622063193819,-0.9,500,3,16,3,80
0.137139263011283,0.851467581989869,2.01000362874474,8.95035885961621,0.10497557922649,0.248493980957435,-0.6,500,3,16,3,80
0.144965754911438,0.809021394427108,2.14809775439589,8.54575984905609,0.122555768365462,0.386617263347027,-0.3,500,3,16,3,80
0.199816225511668,0.803028080431807,2.51840582801777,8.49220665418139,0.0998004026037834,0.506176600364043,0,500,3,16,3,80
0.238738977205127,0.808691624738415,3.25716169433142,8.68260540810442,0.00159235394527814,0.589760340131719,0.3,500,3,16,3,80
0.250458919360821,0.802789318260717,3.58571173633554,8.82693006408871,-0.14026277643287,0.580490537959075,0.6,500,3,16,3,80
0.185915366577899,0.809592959491736,2.45059700374723,8.6017029380234,-0.125236611145854,0.24661354378076,0.9,500,3,16,3,80
0.0807151650340512,0.765159665870667,1.87248367362207,8.04779813957058,0.00946836512844506,0.0450869009111775,-0.9,500,2.8,16,4,80
0.107582304563118,0.691244798119872,1.3263302834213,6.97308650800626,0.0617140268274656,0.168519336101798,-0.6,500,2.8,16,4,80
0.0808734297418728,0.659742920665105,1.14153658124986,6.55811311881469,0.106787219286058,0.275232918207347,-0.3,500,2.8,16,4,80
0.1899669503799,0.674911526676898,2.16474485334662,6.90823447041907,0.037898692010108,0.344645600618301,0,500,2.8,16,4,80
0.132623468538343,0.661489606935808,2.20171887282178,6.81946573662605,-0.00399784801694212,0.382380339654873,0.3,500,2.8,16,4,80
0.13745132331725,0.666227024256944,2.2765597676457,6.89399533358548,-0.0939844696269494,0.347992596713121,0.6,500,2.8,16,4,80
0.0328606984754958,0.675352407146343,1.86926697580162,7.17879579448006,-0.112940353712665,0.168069673010684,0.9,500,2.8,16,4,80
0.0289565022071265,0.756304944735999,1.51070321879591,7.75284817482858,0.0109529136853963,0.0448974823073105,-0.9,500,2.9,16,4,80
0.110929200059876,0.709559111538089,1.84609670819058,7.22930789917332,0.0609425145389027,0.166651632828308,-0.6,500,2.9,16,4,80
0.0823398831632357,0.680924852992813,1.66834801734524,6.85011987303238,0.0784943104480655,0.269558161718548,-0.3,500,2.9,16,4,80
0.129112282921002,0.674597151291856,1.91046602679362,6.7913915815441,0.0764590284663135,0.346473010918189,0,500,2.9,16,4,80
0.186350598656225,0.679795674585086,2.2670899061096,6.84916982727421,-0.0449173181386929,0.382515280876222,0.3,500,2.9,16,4,80
0.148859697114617,0.679001208213464,2.35577347201614,6.94441844293503,-0.107806516980065,0.364758539954394,0.6,500,2.9,16,4,80
0.109847131779844,0.700455172061482,1.93119966022631,7.26736670887795,-0.0850506565825279,0.154693312190899,0.9,500,2.9,16,4,80
0.0953407804589305,0.784113927478022,1.59197383419528,7.83259148309595,0.00940059163402077,0.0451197929849869,-0.9,500,3,16,4,80
0.102871281853576,0.706755049701027,1.26256539060777,6.91426919760069,0.0582648664978123,0.164879182841834,-0.6,500,3,16,4,80
0.0672584388604349,0.689167183405124,1.69844212529384,6.85044929203815,0.078311161906035,0.271718023600798,-0.3,500,3,16,4,80
0.108181297464831,0.675067678039448,1.48310016966883,6.58115850931294,0.0512499617382858,0.338605795831868,0,500,3,16,4,80
0.146790378832248,0.683798725653467,2.14839638377305,6.91728092934898,-0.0275134559280043,0.382822911109778,0.3,500,3,16,4,80
0.137611101628155,0.679482552483394,2.05183062228795,6.77943239121386,-0.111233108126496,0.358123416379713,0.6,500,3,16,4,80
0.0586732865944787,0.688068820651308,0.754462641416548,6.73762529316283,-0.0851137350905954,0.141152287472633,0.9,500,3,16,4,80
0.718044430032101,3.74880047747222,20.1157573413794,104.933304926937,0.0514069441001239,0.152395352732323,-0.9,500,2.8,16,2,90
0.475723639436031,2.00007664999518,13.1861248206607,62.4164011775748,0.170178957854212,0.453204281967812,-0.6,500,2.8,16,2,90
0.349646436739242,1.42186595154687,6.85427607027156,23.1736156397645,0.209796987190825,0.716284669253403,-0.3,500,2.8,16,2,90
0.358144758536816,1.27267622711433,6.11794645891293,19.105533822486,0.14075564294842,0.905396082963161,0,500,2.8,16,2,90
0.43251637780728,1.23733583738655,6.78111103789126,17.3344975680208,-0.0186516134026283,0.996671276706275,0.3,500,2.8,16,2,90
0.506015841770203,1.34196521382826,8.92665600972742,25.7370199390118,-0.159123148067412,0.98564033942127,0.6,500,2.8,16,2,90
0.382273377449949,1.22134899662004,6.92646062196364,17.9084094968616,-0.178545119021549,0.447601733902382,0.9,500,2.8,16,2,90
0.724468075824388,3.81816718831592,19.9002764934279,98.637210866366,0.0581843943095401,0.151851284014759,-0.9,500,2.9,16,2,90
0.439434611366979,1.88225546042966,8.94469787765407,34.3404124685662,0.143094961292946,0.430083612795945,-0.6,500,2.9,16,2,90
0.505069582735352,1.82176994037774,14.7864837978967,72.5190754952372,0.171490746328876,0.690211266254469,-0.3,500,2.9,16,2,90
0.37614290783696,1.35076697172662,7.23843678117735,21.2084789134227,0.126868303186956,0.935889660836631,0,500,2.9,16,2,90
0.435160824191602,1.29682596511244,6.90606026055503,18.156554148345,0.00689258448036093,0.993214423609457,0.3,500,2.9,16,2,90
0.475850836492679,1.29507246772326,7.40403892940002,18.5718938016308,-0.152627844544763,0.932627562408556,0.6,500,2.9,16,2,90
0.395137062138413,1.23524554804299,6.34223993358798,16.9784837656712,-0.183266310636694,0.533681868265036,0.9,500,2.9,16,2,90
0.824908382912202,4.2684258846335,22.7220933572806,114.73675316489,0.0556986427239859,0.155103295220253,-0.9,500,3,16,2,90
0.622991413686125,2.43971622419454,16.2409529523931,72.5230610397766,0.14344695011041,0.46379963826417,-0.6,500,3,16,2,90
0.427878469444586,1.54121860197736,7.4063011979885,24.3889623009998,0.220137887937539,0.742024578063181,-0.3,500,3,16,2,90
0.41802753491268,1.34578161876601,6.00999439952705,18.3746865237015,0.141722923055177,0.926299639494305,0,500,3,16,2,90
0.495646776574598,1.32992076603341,6.90882427666878,18.1300035535078,-0.00173184018465419,1.02511590502591,0.3,500,3,16,2,90
0.524814192407818,1.2943240157276,6.99293437174543,17.6651662176612,-0.126116933362854,0.946560080068323,0.6,500,3,16,2,90
0.426589653285977,1.34584233458598,10.0440916452631,23.5636491395198,-0.199358255368827,0.546508803998429,0.9,500,3,16,2,90
0.0745134155252572,0.859059088194244,2.0032917966689,9.75691959786164,0.0176466069691549,0.0586983062129513,-0.9,500,2.8,16,3,90
0.0706312402082214,0.738083329720461,1.63015040382785,8.00151081513313,0.0853231664735678,0.218963464496328,-0.6,500,2.8,16,3,90
0.111404436492697,0.731528420684361,1.81321333634514,7.884215440907,0.10495270401192,0.372008831676528,-0.3,500,2.8,16,3,90
0.155108617799239,0.718076380376541,2.5863036462068,7.81950144917084,0.0807552410896925,0.465539182989882,0,500,2.8,16,3,90
0.243666405910528,0.72354114112096,3.07041162023792,7.95705535171732,-0.0245873427807706,0.534177706705657,0.3,500,2.8,16,3,90
0.215137780414585,0.71778531216973,3.15841085717357,7.91440099985476,-0.159127127274177,0.5155129531132,0.6,500,2.8,16,3,90
0.155892219551004,0.726028325824776,2.42414647702337,7.93847735415723,-0.124039051809406,0.211572773199289,0.9,500,2.8,16,3,90
0.156040263580811,0.90017786311212,2.97499283875828,10.3363093837571,0.0157888852403679,0.0581618698075456,-0.9,500,2.9,16,3,90
0.140297231195274,0.769793538885622,2.07052536701687,8.19320658343565,0.0642746535749683,0.212324813972587,-0.6,500,2.9,16,3,90
0.137544543719286,0.743823993063569,2.01037512671688,7.85576955372452,0.105707830167873,0.357063241306454,-0.3,500,2.9,16,3,90
0.144660710252679,0.719218128690929,2.12263177564403,7.58854424978922,0.0844889066053159,0.466902915066027,0,500,2.9,16,3,90
0.218980896344544,0.734353571817159,3.05941578458409,8.07066128954754,-0.0078081502004082,0.536092155300189,0.3,500,2.9,16,3,90
0.242633982483462,0.742050476566339,3.51822005304516,8.24290992035264,-0.144413722450618,0.513035717905506,0.6,500,2.9,16,3,90
0.163808226535356,0.742428055345992,2.34253026008328,7.94339837753407,-0.117067685718986,0.200278778218348,0.9,500,2.9,16,3,90
0.113136581570022,0.90539843217586,2.62115123024272,9.97648917051759,0.0124856023139729,0.0568210246180864,-0.9,500,3,16,3,90
0.0937415005520216,0.786303836325412,1.5368769742231,8.19378457030253,0.0808705432841875,0.220310897866033,-0.6,500,3,16,3,90
0.0486571767876953,0.731106435061076,1.59680984272839,7.54071534843585,0.142202838920204,0.357607091319814,-0.3,500,3,16,3,90
0.11803763713645,0.727737238920286,1.75187920971366,7.46060235310058,0.0798481926501025,0.475487167192472,0,500,3,16,3,90
0.200245281355402,0.741582702510017,2.85552755375622,7.91581513675156,-0.0258074724061684,0.550428261862258,0.3,500,3,16,3,90
0.226963421627774,0.749190836338687,3.10225436078813,8.08673501136687,-0.12576116361857,0.487342717821775,0.6,500,3,16,3,90
0.168389193828889,0.759090002700956,2.55676811468746,8.0669204083791,-0.132826146226048,0.222223954433567,0.9,500,3,16,3,90
0.0855339555394161,0.71776138852842,1.95012007046175,7.5071005628789,0.00774349462205911,0.0420590949251742,-0.9,500,2.8,16,4,90
0.0575033590875269,0.640130263583162,1.13807019338917,6.36808953599547,0.0470103100851055,0.152100304144482,-0.6,500,2.8,16,4,90
0.0792457129820094,0.625579085105254,1.27994626468463,6.25246423052628,0.0704683794897648,0.251722284007596,-0.3,500,2.8,16,4,90
0.109797465834158,0.615864404946534,1.24952575471482,6.05316961452018,0.0463064907861925,0.3184775444469,0,500,2.8,16,4,90
0.153507846998863,0.621066987880337,1.85079180443134,6.24741063985917,-0.0324668164561403,0.354093057693543,0.3,500,2.8,16,4,90
0.0801016927657476,0.616192717039984,1.86260184372351,6.29941770678835,-0.120890136596425,0.34093571885976,0.6,500,2.8,16,4,90
0.0437244044683809,0.621945823680973,0.853341547743238,6.26510910299767,-0.0865218905622365,0.136768307184561,0.9,500,2.8,16,4,90
0.0991289817666841,0.719278404798471,1.53608065811292,7.30159754668002,0.00900948854017329,0.0415348129860744,-0.9,500,2.9,16,4,90
0.101612058910204,0.658628599109573,1.03692124001592,6.39010278990003,0.0459827479061431,0.150965571875427,-0.6,500,2.9,16,4,90
0.0602404343735436,0.639175413750399,1.91095206619639,6.46827295689803,0.0670066649933587,0.249601166051217,-0.3,500,2.9,16,4,90
0.0949836122216875,0.625454071776578,1.54496997948634,6.20878341078259,0.0763012490446228,0.324359251785766,0,500,2.9,16,4,90
0.115587909095665,0.621752591173188,1.76568743700835,6.18605385174642,-0.0065966319045792,0.369188344450565,0.3,500,2.9,16,4,90
0.0900013155049187,0.619565523510721,1.52660867296599,6.09940232444218,-0.123514297865224,0.352206847885615,0.6,500,2.9,16,4,90
0.128389338559377,0.652681095069009,1.90257104521096,6.71229384767804,-0.0946443027739623,0.137534283824567,0.9,500,2.9,16,4,90
0.0328655331977431,0.725797198744426,1.47339668283177,7.27215477917962,0.0106416965674874,0.0425838056552439,-0.9,500,3,16,4,90
0.0721901997539458,0.665240968435214,1.37128597138066,6.51489557617203,0.0592798695522546,0.155883670025847,-0.6,500,3,16,4,90
0.0655470730958841,0.639162672711301,1.11327403584147,6.15827861026317,0.0896448700576489,0.254322864066271,-0.3,500,3,16,4,90
0.116212932090078,0.649855835504397,2.29917458672951,6.54057754664064,0.0271442927261257,0.332758255780017,0,500,3,16,4,90
0.122453647560341,0.636432194716513,1.92320133352506,6.26699839707246,-0.0162511088304599,0.358891431575325,0.3,500,3,16,4,90
0.124450328579555,0.635435706534001,1.53491371893543,6.15819403773419,-0.0959290038191318,0.350543044084694,0.6,500,3,16,4,90
0.0583531794911491,0.642760479739331,0.972141845254305,6.28353856501984,-0.0835305250542498,0.136404975680728,0.9,500,3,16,4,90
0.859182588672684,3.63211866808925,20.8216117459976,95.1227414241401,0.0350956632840423,0.132254940917505,-0.9,500,2.8,16,2,100
0.38943681389061,1.73925933484112,10.9770268881102,45.6778221380396,0.125234723283611,0.39470959392021,-0.6,500,2.8,16,2,100
0.327532784190268,1.23674630847612,5.41221129393299,17.8779587346975,0.198512687095495,0.65022448696985,-0.3,500,2.8,16,2,100
0.322544972138102,1.17035663861377,5.55247928971076,16.8242892137924,0.110607259004891,0.786696639864086,0,500,2.8,16,2,100
0.377055490688806,1.13150827659609,6.10225708464892,15.5661368275406,-0.0369366072510834,0.894919209355077,0.3,500,2.8,16,2,100
0.40095862529763,1.1007503874173,6.22842017391498,14.8752546694683,-0.167642635969052,0.893227591479585,0.6,500,2.8,16,2,100
0.355356366398872,1.09836489652274,5.49819708272484,15.1417180096831,-0.178575891900328,0.422314051460072,0.9,500,2.8,16,2,100
0.901880138024103,3.70660413462815,20.6140542398351,93.71943021901,0.0384497677920788,0.131427682254104,-0.9,500,2.9,16,2,100
0.519396905053441,1.84045380639375,10.6023561800287,40.2150395713716,0.15985037112535,0.401114419446798,-0.6,500,2.9,16,2,100
0.402398811187659,1.38331423501737,7.98010748556098,22.963505571862,0.186065669951817,0.659863408825128,-0.3,500,2.9,16,2,100
0.366931609046045,1.20025823685155,6.07079619547928,16.5142757467909,0.153575778744215,0.843475335627051,0,500,2.9,16,2,100
0.389125284807703,1.15203155811309,6.46577964945185,16.3456041022343,0.0101799415140401,0.964864129575347,0.3,500,2.9,16,2,100
0.385231416664555,1.10054804633478,5.28875824318316,13.8730327538488,-0.148869947883523,0.847176361411532,0.6,500,2.9,16,2,100
0.374458999079315,1.14730704192568,6.38737811929858,15.9336725043454,-0.188670898690719,0.419149572853698,0.9,500,2.9,16,2,100
0.796744037171595,3.75519269720355,20.7331040423572,95.8251833073885,0.0461714538553461,0.137699303925285,-0.9,500,3,16,2,100
0.506546628562349,2.13323949426777,14.1706329037263,63.9322988867483,0.12078429348955,0.394820306247789,-0.6,500,3,16,2,100
0.442267751890091,1.49140134057724,7.83969305281094,27.8750505064854,0.187479353448486,0.668369863944028,-0.3,500,3,16,2,100
0.403928271371619,1.32533396506548,7.4723503208966,24.590872519681,0.145244309495487,0.823047538332693,0,500,3,16,2,100
0.357069942029544,1.14177734181804,5.43889567786447,14.8062227606031,0.00534202201383232,0.917705254563521,0.3,500,3,16,2,100
0.425571540554169,1.16092832415285,6.32980698360248,14.7049379334679,-0.151908632991017,0.911797228171939,0.6,500,3,16,2,100
0.4115607090388,1.18537565636672,6.90076039747743,16.1091665662786,-0.174321455233931,0.438648058418523,0.9,500,3,16,2,100
0.135426205347697,0.826427024840127,2.40184335710969,9.54070202876998,0.0122789032344056,0.0528640437389465,-0.9,500,2.8,16,3,100
0.104692799718348,0.71147291025423,1.82601011621977,7.70733662815786,0.0655986402712878,0.200177732687658,-0.6,500,2.8,16,3,100
0.0652095904164621,0.664277167804425,1.51864112565953,7.0153090359894,0.120406983024421,0.337683196767134,-0.3,500,2.8,16,3,100
0.124372079317599,0.662379226597482,1.78338083112539,6.97278706660481,0.0846199358786977,0.431543765195359,0,500,2.8,16,3,100
0.19592738597799,0.670283216089985,2.67892476697005,7.2697211770548,-0.0331953808808993,0.496815519221234,0.3,500,2.8,16,3,100
0.207179759470426,0.674573135291541,3.08446873144291,7.46812649623403,-0.135447657329497,0.461851367565861,0.6,500,2.8,16,3,100
0.141126064117304,0.678961773499308,1.8631813327857,7.27953235227126,-0.106883429593983,0.181316770596522,0.9,500,2.8,16,3,100
0.178589991414519,0.859600218662158,2.89358037711108,9.8204187147778,0.012057565080384,0.0532514478754645,-0.9,500,2.9,16,3,100
0.15945228483269,0.736103098177163,2.09202729447135,7.7298736881962,0.0743258607546713,0.204887625064158,-0.6,500,2.9,16,3,100
0.120752387467254,0.688608444216638,1.49260891555683,7.11194175669878,0.0935476717720496,0.338688366404829,-0.3,500,2.9,16,3,100
0.105439874739976,0.672475772050093,2.04584202146049,7.10144542614562,0.0799611661740355,0.422645558031491,0,500,2.9,16,3,100
0.210404079498631,0.686532147165826,2.5527191918614,7.2674215835893,-0.00466248605365936,0.504764177314473,0.3,500,2.9,16,3,100
0.222871454509976,0.682504775206335,2.50101301765757,7.18706009625799,-0.143849078353737,0.479123894808098,0.6,500,2.9,16,3,100
0.16356553530485,0.692954354207761,2.07648364537756,7.38211329297254,-0.0868217908140473,0.172524567654001,0.9,500,2.9,16,3,100
0.146343270193042,0.85534667819526,2.12208564714904,9.16741608775066,0.0121618853395184,0.0529116121407777,-0.9,500,3,16,3,100
0.117393732955025,0.741213228603646,1.92333649614868,7.7849812113535,0.0674320600967088,0.201692406945223,-0.6,500,3,16,3,100
0.0746583823849802,0.689088447145887,1.42108524965305,6.97283161398095,0.113563360298151,0.323251426901403,-0.3,500,3,16,3,100
0.140091146982686,0.696217427093871,2.28518235271294,7.20997581163206,0.100451832466901,0.435543637934832,0,500,3,16,3,100
0.192915044624247,0.689354847502352,2.38445907959049,7.13421197264562,-0.0354792849537973,0.506645625405945,0.3,500,3,16,3,100
0.176210045767588,0.691335536803233,2.84944035428165,7.3109899283426,-0.127562662054325,0.480262364401383,0.6,500,3,16,3,100
0.16828939952543,0.709695085601201,2.40870083617665,7.50190293071492,-0.111844005717333,0.195456770582735,0.9,500,3,16,3,100
0.0358974256969529,0.645669353035289,0.600319277575477,6.34196472455624,0.0140203666954185,0.0404963692669341,-0.9,500,2.8,16,4,100
-0.00583089270943514,0.593753191653861,0.448874684767638,5.76784594689527,0.0435083450498997,0.141969702582092,-0.6,500,2.8,16,4,100
0.101900058218366,0.590941241079018,1.18722194031781,5.80696366322385,0.0567419131935934,0.230602071890177,-0.3,500,2.8,16,4,100
0.121426980397614,0.583834641507895,1.47795392938453,5.7846223726647,0.057772070679247,0.307876699493906,0,500,2.8,16,4,100
0.0501994546191539,0.574233424840948,1.50736346553492,5.75013970115284,0.0122566446824563,0.337476491769954,0.3,500,2.8,16,4,100
0.117233674786056,0.578445468980612,1.25234279967185,5.66717342896528,-0.1043019961863,0.319355804740622,0.6,500,2.8,16,4,100
0.0383546737112015,0.594811460679369,1.18044969972959,6.05889718919217,-0.0611516835949734,0.111720739832959,0.9,500,2.8,16,4,100
0.111711920649511,0.685903791581394,1.33059028904708,6.77193934419572,0.00900714704697638,0.0394062258844706,-0.9,500,2.9,16,4,100
0.0373134239007959,0.609123419806999,0.537791798836624,5.83017526125773,0.0430404921186447,0.141341307920439,-0.6,500,2.9,16,4,100
0.0482547233817536,0.591891308116062,1.07783792311452,5.78370751840773,0.057492396466284,0.231845614854325,-0.3,500,2.9,16,4,100
0.0882202354893094,0.582699432363539,1.03161570156279,5.61197597466261,0.0642298152218663,0.301780944094152,0,500,2.9,16,4,100
0.154885925057916,0.593602511255125,1.63946480187007,5.79381580886007,-0.0155048070273628,0.337473068598803,0.3,500,2.9,16,4,100
0.0861418117205836,0.586203247182345,1.53833205655538,5.80321614910106,-0.093197269345999,0.309690138841601,0.6,500,2.9,16,4,100
0.0851072678185344,0.60605126354856,1.13966730442512,6.03813407835668,-0.0695627032728219,0.111053167762713,0.9,500,2.9,16,4,100
0.0563793403212107,0.681212987270808,1.00935732051296,6.5699768691304,0.0110873912334135,0.0398988356109449,-0.9,500,3,16,4,100
0.0685111798225759,0.629842109959455,1.35505974230899,6.14306008075993,0.0438984353352934,0.142820088526743,-0.6,500,3,16,4,100
0.0694181338420299,0.602014592928725,0.872731253519031,5.66149730696536,0.0654035156857811,0.23297317772018,-0.3,500,3,16,4,100
0.0742275394222688,0.593030520468916,1.1078974103704,5.68047579699882,0.0515531206635708,0.296783052722177,0,500,3,16,4,100
0.0833100171169798,0.590204525008097,1.33658383168822,5.68577616478577,0.00157184272438925,0.342207663345043,0.3,500,3,16,4,100
0.121404642654932,0.6007595177195,1.71968439576034,5.8638848116274,-0.12362657638343,0.322415158010741,0.6,500,3,16,4,100
0.0501570647466608,0.604849809112887,0.693348308214235,5.81767399915182,-0.0818051403481837,0.129202186469528,0.9,500,3,16,4,100
0.696577581843695,2.8695731436741,16.9569579699908,69.136898151515,0.0334820349987092,0.112176286745314,-0.9,500,2.8,16,2,125
0.303925845264906,1.44599434667626,8.10365228757741,43.0007908411173,0.0989086792770375,0.329700364403872,-0.6,500,2.8,16,2,125
0.195817374658697,1.02051995948565,4.86129523494413,16.5639805699653,0.141613634948402,0.523406223540339,-0.3,500,2.8,16,2,125
0.237384338250166,0.948725584251884,4.40084572261794,12.4196930128723,0.098847217433202,0.666372893839718,0,500,2.8,16,2,125
0.347252957051024,0.905963518406221,4.94383962279883,11.6259407430934,0.0392986689676764,0.779556785587665,0.3,500,2.8,16,2,125
0.334031600557127,0.887251363199071,4.10252243345111,10.8973061805836,-0.116973647579131,0.711334411375608,0.6,500,2.8,16,2,125
0.209917141216864,0.855431495539352,3.39683845320041,10.5466022373594,-0.132377488988609,0.283945479882126,0.9,500,2.8,16,2,125
0.708876183177225,2.85251189019077,15.2270520465249,63.5625993361316,0.0267137226227678,0.110067055908042,-0.9,500,2.9,16,2,125
0.296736493605762,1.33893798447973,6.72175379936833,22.3685090119179,0.107827924085494,0.337439376727263,-0.6,500,2.9,16,2,125
0.260818660874337,1.05748004974837,4.44081389554432,14.2683004812787,0.167022953718158,0.532844470840874,-0.3,500,2.9,16,2,125
0.273277572406488,0.993585771216539,4.5529159912228,13.16075903786,0.112067356589389,0.666348839981987,0,500,2.9,16,2,125
0.301611371160807,0.925568378206553,4.14610959101683,11.2603483475574,-0.00231649697270699,0.752597120149308,0.3,500,2.9,16,2,125
0.387491627910837,0.935563832662216,4.70294474754196,11.4019098167678,-0.171794399119017,0.741195771107748,0.6,500,2.9,16,2,125
0.291379748050142,0.918543280168432,5.03539408592157,11.8078128711932,-0.155957840913995,0.318134125270111,0.9,500,2.9,16,2,125
0.824260067019212,3.0946794881531,17.3191797230309,70.1463635278284,0.0290262560547062,0.109476088989987,-0.9,500,3,16,2,125
0.368121929923463,1.44647052275865,8.66342658548441,27.9968215559705,0.105221352087262,0.329348194548863,-0.6,500,3,16,2,125
0.217587738538674,1.09010769819196,4.65141562508321,15.7362776969016,0.197747551626546,0.556568459986098,-0.3,500,3,16,2,125
0.338589255376368,1.04908974831605,5.60644485740249,14.2969169295412,0.136886083625488,0.65835718377892,0,500,3,16,2,125
0.369540108186072,1.00312025440008,5.11779623662159,12.6673126166552,-0.0123363597566402,0.731831247956739,0.3,500,3,16,2,125
0.385342441678898,0.954450759127564,5.49039459975908,11.7855862554248,-0.1594293895244,0.717417089449592,0.6,500,3,16,2,125
0.281785183404219,0.942080152004814,4.68800611156867,11.7096489061467,-0.127273895128393,0.28196513768449,0.9,500,3,16,2,125
0.129296629921873,0.708647360643284,1.92316855773811,7.71185446314465,0.00861826738115343,0.0448785506690147,-0.9,500,2.8,16,3,125
0.0929241643377642,0.619504463495656,1.39394990370408,6.47646267978412,0.0609339435492656,0.172295678350445,-0.6,500,2.8,16,3,125
0.0756391272248229,0.5950932963204,1.73130374065877,6.29732990071189,0.081555642532382,0.281723485533387,-0.3,500,2.8,16,3,125
0.122771147595044,0.582314962803165,1.44352829958236,6.02088078239812,0.0685405788449225,0.376952175510673,0,500,2.8,16,3,125
0.0912651695329164,0.567590908025103,1.51663577862559,5.84507951866627,-0.0045175470798445,0.419027846644671,0.3,500,2.8,16,3,125
0.140486880290968,0.577964315567944,2.00935010442716,6.07786263568086,-0.0871839566033324,0.401030472151143,0.6,500,2.8,16,3,125
0.083890300722035,0.585990046569097,1.34544521890672,6.12156348428196,-0.0690144142358785,0.132077800009647,0.9,500,2.8,16,3,125
0.0881773514883201,0.720499874766827,1.47726676459467,7.67927932551254,0.00972631696224366,0.045136986340236,-0.9,500,2.9,16,3,125
0.104311601154159,0.628331681516089,1.49110701318058,6.49085038089086,0.0482442552022177,0.169119556543228,-0.6,500,2.9,16,3,125
0.139398946743926,0.618541508869535,2.11316975252064,6.46724420476632,0.0660374584639846,0.286998149676174,-0.3,500,2.9,16,3,125
0.0840948698251128,0.587013407177474,1.62865475433121,6.02679325180191,0.0779969928805623,0.382848360252747,0,500,2.9,16,3,125
0.168122497282967,0.593650379752889,2.06244809004722,6.15653396711998,0.00581473848251967,0.424980546967637,0.3,500,2.9,16,3,125
0.099944818127846,0.578392904157686,1.90197149954676,5.98312476196619,-0.110169382958457,0.393816022142985,0.6,500,2.9,16,3,125
0.0516092075585252,0.593317542701254,1.3329518427303,6.11595781594466,-0.0775383678799213,0.139088260116901,0.9,500,2.9,16,3,125
0.15730049749948,0.754829609221705,2.22999412033979,7.99494971055984,0.00812688588724532,0.0458929693890267,-0.9,500,3,16,3,125
0.0505912586615715,0.634075057753142,0.915423236785945,6.30970602034084,0.0568681330135043,0.173068053292731,-0.6,500,3,16,3,125
0.06845765067758,0.611559804972489,1.30687437631814,6.19494723023228,0.0936494484795169,0.289885947538608,-0.3,500,3,16,3,125
0.096102471049826,0.60094663324269,1.70225763610053,6.11274601627162,0.0895033637383348,0.388667307509311,0,500,3,16,3,125
0.154795176019261,0.600796587128418,1.80175208061809,6.04209579302934,-0.00201414699888128,0.438301750927047,0.3,500,3,16,3,125
0.145952599371828,0.598615334400025,1.91760239074962,6.06300821138807,-0.129569631866427,0.412433923512044,0.6,500,3,16,3,125
0.105376439344213,0.613663948555945,1.63470261758133,6.24079322829708,-0.0854946024650849,0.14784190674433,0.9,500,3,16,3,125
0.0714623966949017,0.583836576514848,1.00775241717648,5.77673223889667,0.00597174667600749,0.0337036075755712,-0.9,500,2.8,16,4,125
0.0182124719483772,0.528489996180714,0.362811064699708,5.08917947377232,0.0383568709800341,0.124276221172534,-0.6,500,2.8,16,4,125
0.0922032746304248,0.520651358797121,0.860933569258789,5.02641573716961,0.0468465112032602,0.207294596606373,-0.3,500,2.8,16,4,125
0.0472537044866294,0.507253761917198,0.938175475195723,4.92783136234241,0.0770727417296138,0.267709082167737,0,500,2.8,16,4,125
0.104019469146599,0.511993473553913,1.4148602076492,5.02202233996766,-0.0183245791264547,0.299911343441501,0.3,500,2.8,16,4,125
0.0573229338253099,0.507572317576929,1.13317844573063,4.96543257319013,-0.0843878860902562,0.285439723101803,0.6,500,2.8,16,4,125
0.0433762791624224,0.524855852894752,0.828065864464436,5.22922715213856,-0.054608477853504,0.0937708408735604,0.9,500,2.8,16,4,125
0.0249250768797028,0.587952029077302,0.866498352409498,5.72952270424042,0.00706751514772608,0.0342491277534507,-0.9,500,2.9,16,4,125
0.0397100784711305,0.545591970781249,0.778447205610121,5.24360272965954,0.0430329234659989,0.128722343723618,-0.6,500,2.9,16,4,125
0.0802635695569174,0.53278272885406,1.22770090696716,5.21073752834407,0.0564524961991582,0.210331915290704,-0.3,500,2.9,16,4,125
0.0135222177699794,0.519193105102758,1.23095452585244,5.0494060784603,0.051238694606958,0.267598677147116,0,500,2.9,16,4,125
0.0978737344000888,0.52061713903471,1.48544098295607,5.07934744585782,0.00175081599672912,0.302194826789667,0.3,500,2.9,16,4,125
0.0948298094225895,0.520122890310013,1.42478145466552,5.07708173860101,-0.0971277015784539,0.290955681400125,0.6,500,2.9,16,4,125
0.0445707464060874,0.53283363896065,0.629409264507213,5.18131336791046,-0.0591996982408644,0.100043193287544,0.9,500,2.9,16,4,125
0.00793343836485497,0.600469651506359,0.915036447037717,5.76871203987963,0.0058115635827491,0.0342286670610653,-0.9,500,3,16,4,125
0.0637038974142938,0.553823463282726,0.892550302304535,5.25809916081032,0.0298937973719844,0.12263387515607,-0.6,500,3,16,4,125
0.0730126763118873,0.534714317984416,0.813467745525855,5.03324156931296,0.0652224725484109,0.211070024339856,-0.3,500,3,16,4,125
0.0873103768091188,0.53276270003184,1.53036361768545,5.15716978528455,0.0592951989811278,0.272226743061783,0,500,3,16,4,125
0.0757093777605573,0.520989172566461,1.09393660505082,4.94284063354139,0.00773142216382156,0.302170360522932,0.3,500,3,16,4,125
0.0692517314861914,0.519408330733897,0.926289078283732,4.90691885468754,-0.0916232341963836,0.287231718156007,0.6,500,3,16,4,125
0.0583799320067852,0.539178961320512,0.625354182895885,5.162574527618,-0.051329435015748,0.0932117470486018,0.9,500,3,16,4,125
0.686825860365463,2.47167395093874,16.2783597370614,57.6528963114635,0.0230627654606502,0.0948789882401476,-0.9,500,2.8,16,2,150
0.17537398862949,1.0267037645582,3.74759792430626,14.3834175667935,0.0904562276038719,0.296876155361819,-0.6,500,2.8,16,2,150
0.173738401818405,0.863281042011855,2.85219827454401,10.783245971868,0.146891548255751,0.456673941423216,-0.3,500,2.8,16,2,150
0.285300816025261,0.829666928755204,3.86206172415491,10.3362047765967,0.103307391343766,0.587186067774267,0,500,2.8,16,2,150
0.269964224243542,0.772027712496288,3.62587222821892,9.50264366345654,0.0194918769419254,0.636954968153973,0.3,500,2.8,16,2,150
0.296391076461751,0.778069566854201,4.47844225250374,9.88683437296971,-0.139634557243936,0.608908529255704,0.6,500,2.8,16,2,150
0.189564374852906,0.741308430608577,2.95380860341724,8.74203382091317,-0.110335771364008,0.21221466223907,0.9,500,2.8,16,2,150
0.648260815784461,2.44048473338213,15.2086017679368,55.9261422874771,0.0269423015180593,0.0984927462942169,-0.9,500,2.9,16,2,150
0.216764724613033,1.10060105436983,4.73806396596906,15.6018342649197,0.0802481638150472,0.283024998457267,-0.6,500,2.9,16,2,150
0.193838126548052,0.914036596626239,3.7940757726859,13.760553798023,0.140771273329924,0.459263463308845,-0.3,500,2.9,16,2,150
0.180299585243227,0.814629497558629,2.79455337111971,9.62931235340637,0.0985039625867386,0.586506580722117,0,500,2.9,16,2,150
0.216756801991565,0.784666445097917,2.96197912756139,9.04989487979213,0.0204722410563497,0.659878491026443,0.3,500,2.9,16,2,150
0.285549870891329,0.768056940447631,3.40898788340492,8.90300044742401,-0.108057474511674,0.600777570773033,0.6,500,2.9,16,2,150
0.248186789654699,0.789157115766242,3.60576918656437,9.36182105249609,-0.10124504880179,0.220125306652338,0.9,500,2.9,16,2,150
0.744154452834848,2.5906689952318,15.8259453299078,55.0478787041365,0.0249599454171639,0.0984221208261221,-0.9,500,3,16,2,150
0.282712005923531,1.16613036048011,4.73741547756323,15.8067842477767,0.0838830441889243,0.280450754061158,-0.6,500,3,16,2,150
0.182363931810171,0.973326301977586,4.55558366350369,16.4663700550406,0.144448968031359,0.473095398939802,-0.3,500,3,16,2,150
0.231411110865352,0.841710150577382,2.8965588030452,9.65875312718773,0.124549264086973,0.599310762920408,0,500,3,16,2,150
0.25737191176448,0.824486316098993,3.67939565428601,9.76144347957149,0.00486173001031859,0.664014781868569,0.3,500,3,16,2,150
0.283321063088222,0.809555733673725,4.53926741524447,9.78819310462564,-0.128902530853491,0.611702138690845,0.6,500,3,16,2,150
0.187399388652816,0.783292511791255,2.96424669472616,8.84862404435631,-0.122197174349599,0.234100456787974,0.9,500,3,16,2,150
0.0708118502138092,0.628484162436993,1.49707475719847,6.80653699574058,0.0064384522658738,0.0396641855129598,-0.9,500,2.8,16,3,150
0.0524608117623503,0.550420022467042,0.881474738280104,5.60631021038707,0.0417487158111846,0.149661679225492,-0.6,500,2.8,16,3,150
0.113111104689343,0.535993789222592,1.47101385940868,5.53945417410084,0.052479917954656,0.251685323155246,-0.3,500,2.8,16,3,150
0.0997179492189987,0.522416638169594,1.26185391452616,5.30194936319506,0.0797279859526885,0.347797264041212,0,500,2.8,16,3,150
0.0937094841484287,0.515107774597686,1.4542475720029,5.28700080461036,-0.00639244670120636,0.388850268746293,0.3,500,2.8,16,3,150
0.137829765325463,0.52087925360483,2.29700310341766,5.48219508331126,-0.109492934620934,0.355201927459857,0.6,500,2.8,16,3,150
0.0441683223989875,0.525974505367623,0.996969148482294,5.40696665575705,-0.066405473772795,0.113452676857262,0.9,500,2.8,16,3,150
0.102351879003991,0.643683620400166,1.61768792385078,6.72817795866535,0.00502686082003899,0.0392575884917087,-0.9,500,2.9,16,3,150
0.066883408204608,0.564883087961936,1.20976987005514,5.73981493789737,0.035047787197422,0.148143498592286,-0.6,500,2.9,16,3,150
0.0467377353389193,0.53772817866107,1.01202534521495,5.40923168984435,0.0971965624589555,0.261015547434456,-0.3,500,2.9,16,3,150
0.0938988266814715,0.527935971973208,1.1869935880292,5.29280456535817,0.08280005281858,0.348152233413672,0,500,2.9,16,3,150
0.119841592907055,0.52187551175924,1.56084263479433,5.24752009625756,-0.00584573806834727,0.381903512126731,0.3,500,2.9,16,3,150
0.114569012669338,0.52115196835508,1.47406378004164,5.22724753974651,-0.116626001421218,0.36590116731499,0.6,500,2.9,16,3,150
0.100637185401573,0.538712301170991,1.2962483771751,5.51613880180146,-0.0496155033951237,0.107136415894224,0.9,500,2.9,16,3,150
0.137836288919909,0.670091527900907,1.93237325964046,6.97859759252747,0.00657029748650162,0.0402527357011272,-0.9,500,3,16,3,150
0.0714519715550867,0.58240670977254,0.983946915989335,5.75702117265459,0.0417251756785023,0.152913523204246,-0.6,500,3,16,3,150
0.0577360444376219,0.548526134523119,0.99341971082864,5.38467012376639,0.0568568599606651,0.250198972137612,-0.3,500,3,16,3,150
0.0715156109965543,0.537060854831669,1.15822772059954,5.29408522157111,0.0687364614044932,0.35628024640968,0,500,3,16,3,150
0.13749589864831,0.540226257466738,1.89462940252076,5.43958598209968,-0.00758094122290311,0.387192395615849,0.3,500,3,16,3,150
0.180206684422459,0.542412563184275,2.18195741798542,5.50559693731357,-0.110800195514341,0.363261304167074,0.6,500,3,16,3,150
0.0330716060742129,0.541043526845089,0.876423805883374,5.36947381372354,-0.0694360978481226,0.117782136758087,0.9,500,3,16,3,150
0.0150878900431969,0.517794355401643,0.397427631180442,4.99283049383328,0.00766678139524164,0.0311098512726538,-0.9,500,2.8,16,4,150
0.0228133893141643,0.478183697847278,0.373237071830083,4.55909539608249,0.0286878270197361,0.109783731345346,-0.6,500,2.8,16,4,150
0.05907906025659,0.471920502592018,0.842698419232021,4.55520927173569,0.0458509312317198,0.185459675171945,-0.3,500,2.8,16,4,150
0.0717540625645314,0.463576847987551,0.838992230857259,4.44816785266568,0.0332542716541077,0.247563415570649,0,500,2.8,16,4,150
0.0470108911507711,0.453203302906713,0.641192476368013,4.28992117619653,-0.00717323914817459,0.270928914993939,0.3,500,2.8,16,4,150
0.048928879728234,0.460415950215232,0.958437096904307,4.47730669837071,-0.0782074315269644,0.254636198884639,0.6,500,2.8,16,4,150
0.0251325133792056,0.476311304257456,0.686120987957505,4.717837335656,-0.051952581482127,0.0814351524132928,0.9,500,2.8,16,4,150
0.0606966338803517,0.533624575286391,0.546226372624112,5.05369258262757,0.00702371264604352,0.0308792842606032,-0.9,500,2.9,16,4,150
0.0448143783738652,0.495687066805527,0.911215851307496,4.78959844308134,0.0243036306928724,0.108919240901501,-0.6,500,2.9,16,4,150
0.0534239712001775,0.479412797143204,0.887808628534726,4.57651959452669,0.0453488720653824,0.18883410758343,-0.3,500,2.9,16,4,150
0.0793104800906526,0.470447863551361,1.0199694516927,4.49695989234316,0.0352558877273821,0.246540644782311,0,500,2.9,16,4,150
0.0995474621438703,0.469258110444994,1.21249510898188,4.5131327831666,-0.00376464969595662,0.272394469534191,0.3,500,2.9,16,4,150
0.0263437182534895,0.458543545182964,0.577106639668744,4.31964430887899,-0.0711540125541468,0.260147537924623,0.6,500,2.9,16,4,150
0.028134035407952,0.485274828992046,0.832508469290306,4.77047367224983,-0.0364211415208692,0.0780940746254082,0.9,500,2.9,16,4,150
0.0517208511244921,0.54942887515065,0.918083724851628,5.24729615466946,0.00482816704446729,0.0308986874059997,-0.9,500,3,16,4,150
0.0232110954515326,0.499102511037649,0.656233633684946,4.6906672415494,0.0287770509153895,0.11170963597074,-0.6,500,3,16,4,150
0.0297478980465072,0.479462420195631,0.298910065572684,4.40351940691728,0.0461819796231846,0.188889508889413,-0.3,500,3,16,4,150
0.0539155525182959,0.476546385153,0.874282966139419,4.46482997689654,0.0237622187639521,0.240883168028118,0,500,3,16,4,150
0.0704384527386886,0.470313832204369,0.771975024614019,4.38573774695262,-0.00815127015507554,0.27725441272782,0.3,500,3,16,4,150
0.0844018861795367,0.476178022747534,1.19660958181468,4.51730584614661,-0.0616093434814119,0.253123209711309,0.6,500,3,16,4,150
0.0386812783400637,0.489704104305689,0.560126361668874,4.68222376496067,-0.0377311083373245,0.0772360854153423,0.9,500,3,16,4,150
0.412762869403457,1.64775436742897,9.68269472810861,31.6810017454104,0.0183373335917052,0.0800398494890523,-0.9,500,2.8,16,2,200
0.131492123249188,0.791974110014898,1.98803129221431,9.56678258481987,0.0563289477356617,0.227219489152517,-0.6,500,2.8,16,2,200
0.138756351685997,0.698382368536988,2.16929905317638,8.28092190626021,0.13542641138109,0.37485915965465,-0.3,500,2.8,16,2,200
0.150405128910534,0.653040519004046,2.42895837587482,7.65318128572993,0.105953565919598,0.476281551872747,0,500,2.8,16,2,200
0.274900163403306,0.646142759012705,3.26334036742355,7.68738338299371,-0.0254130241360941,0.528884075023378,0.3,500,2.8,16,2,200
0.235738511734478,0.618562392927606,3.56019071099111,7.30969861827495,-0.116902548712609,0.501315430304081,0.6,500,2.8,16,2,200
0.160684568081133,0.607926779981293,2.19177350473079,6.85694660147491,-0.0692283527240322,0.14884496770612,0.9,500,2.8,16,2,200
0.603638096288839,1.89629640045531,11.8878851292012,37.5100291405401,0.0131728926739284,0.0779171930906969,-0.9,500,2.9,16,2,200
0.146975003038927,0.853296593005338,3.02752463155904,11.077882477769,0.0539631420284171,0.229535738249913,-0.6,500,2.9,16,2,200
0.142600822400558,0.718565770348579,2.14546284698238,8.36049719658103,0.111948928149802,0.381928193234558,-0.3,500,2.9,16,2,200
0.131586730176347,0.666330808962714,2.5190842048272,7.70882691161471,0.0788663214912248,0.486948913002221,0,500,2.9,16,2,200
0.225959178696392,0.633943416960469,2.56264547266722,7.06519801484238,0.0343377949431223,0.547510733159281,0.3,500,2.9,16,2,200
0.238828023752339,0.628163406927587,2.98559952322454,7.15380194896584,-0.140012334745549,0.490373294920702,0.6,500,2.9,16,2,200
0.163351493496373,0.627222945557129,2.47783171695072,7.03336367971184,-0.0727236088125879,0.146262963615024,0.9,500,2.9,16,2,200
0.492305088386416,1.8128722403108,10.8594493024651,34.4568237595269,0.0188231868427298,0.0791722733107164,-0.9,500,3,16,2,200
0.106180880293813,0.849949109667641,2.00034443867558,10.1063128339647,0.0774185158633201,0.238578472352309,-0.6,500,3,16,2,200
0.141774558052403,0.734608099964383,1.86747768769242,8.11952450546826,0.126848671351539,0.378934690501329,-0.3,500,3,16,2,200
0.173637656568972,0.68982143976292,2.59507525649677,7.76365889315297,0.0833990551669164,0.499728436834875,0,500,3,16,2,200
0.232579571913928,0.665334399711812,3.22168407122245,7.53635409065719,-0.0112358470386787,0.526755556204973,0.3,500,3,16,2,200
0.242866622609977,0.637032735489084,3.0673913430389,7.06131684852956,-0.0963569089140087,0.492914564191322,0.6,500,3,16,2,200
0.130996266883444,0.633823394081683,1.85182867275209,6.79990026758806,-0.0768326431226028,0.1570406058869,0.9,500,3,16,2,200
0.0525963824646411,0.526739691049917,0.805965101560255,5.40080610265013,0.00636278506543594,0.0337373034483834,-0.9,500,2.8,16,3,200
0.0419232708980508,0.471840444038327,1.01246085152574,4.80901705951316,0.0259969222957494,0.123599222105387,-0.6,500,2.8,16,3,200
0.0474661076182221,0.449796609686465,0.781238452192956,4.50479845331754,0.065430887410461,0.215889409233229,-0.3,500,2.8,16,3,200
0.0735671994162347,0.441816193690872,0.904734083942459,4.41077398436285,0.0455940668177929,0.290481811398348,0,500,2.8,16,3,200
0.0903624436509644,0.436785618858483,1.09219508972213,4.39016792814679,0.00718358366926838,0.335859720754478,0.3,500,2.8,16,3,200
0.134167773377841,0.438536859934909,1.55396289065811,4.45345260897066,-0.0952840125213381,0.310115809369841,0.6,500,2.8,16,3,200
0.086164723165866,0.455830704056232,1.26865919331161,4.69125821525105,-0.0358671408032444,0.07545597003202,0.9,500,2.8,16,3,200
0.0818521716471562,0.547719188886676,0.957964928364411,5.52147544446449,0.005356933836084,0.0339924935939513,-0.9,500,2.9,16,3,200
0.0307812735870396,0.471970559486962,0.408231712976088,4.59846178793846,0.0234413349933231,0.121849128021725,-0.6,500,2.9,16,3,200
0.0474500488639504,0.457887870240874,0.688583214233769,4.49289463368158,0.0675989001587441,0.215863821557993,-0.3,500,2.9,16,3,200
0.0589776741023021,0.448682449158658,1.06150684494473,4.46175397410824,0.0643258268705499,0.293025687217538,0,500,2.9,16,3,200
0.0769674872712898,0.443009854148681,1.01441384034015,4.34720263707094,0.00883684123600519,0.334075956537925,0.3,500,2.9,16,3,200
0.0690414038851684,0.44050451630867,1.20608444038872,4.37183005690808,-0.0889211896414057,0.304867933963634,0.6,500,2.9,16,3,200
0.0482793667739551,0.456945470263339,0.631090746667619,4.52772183533287,-0.035165747636663,0.0775225009925523,0.9,500,2.9,16,3,200
0.0408136010962716,0.547890703287097,0.562702981537972,5.36975788191622,0.00723328470477866,0.034465774521585,-0.9,500,3,16,3,200
0.0585534502604194,0.490253663030291,0.557550194557936,4.72196729699203,0.0290656475669741,0.125708561124609,-0.6,500,3,16,3,200
0.0531785073996006,0.467300749694901,0.625749768681558,4.48722809416102,0.0623259190162648,0.216019020093323,-0.3,500,3,16,3,200
0.0502638886975537,0.456142584904321,1.04691439376711,4.46179786209183,0.0812557468666273,0.297186577054844,0,500,3,16,3,200
0.103279178204456,0.449540205385399,1.00642583387863,4.33390357558416,0.0168643798047165,0.334033766609978,0.3,500,3,16,3,200
0.0722189940674545,0.446178188562503,1.06565542992998,4.3444956152969,-0.0880225906599081,0.307373975088413,0.6,500,3,16,3,200
0.0462938350455161,0.465205929667968,0.922967452222329,4.59325752945065,-0.0423773826770715,0.0821995271108659,0.9,500,3,16,3,200
0.0142059246980589,0.447131428080109,0.522470518459537,4.31377832107266,0.00432327743670252,0.0258953393456831,-0.9,500,2.8,16,4,200
0.022462900314173,0.412164146340097,0.183514604571671,3.87255341229689,0.0173769552670624,0.0912742454230335,-0.6,500,2.8,16,4,200
0.0115099315937048,0.402974894659026,0.642484991516903,3.85513531369773,0.0390448048409243,0.160775761173713,-0.3,500,2.8,16,4,200
0.070747700621081,0.39995325554433,0.916646100072515,3.84469115853007,0.0310176790112694,0.21010769401652,0,500,2.8,16,4,200
0.054934664047713,0.391622323738494,0.59366869148585,3.70097710259766,-0.0141880931018513,0.238609339764266,0.3,500,2.8,16,4,200
0.0531587562601592,0.396548028323691,1.05486618983944,3.83961102127769,-0.0645848886526902,0.221491854296965,0.6,500,2.8,16,4,200
0.0535895778207781,0.410092066260354,0.526527775997716,3.99654916588763,-0.0347982695897862,0.0612624813868596,0.9,500,2.8,16,4,200
0.0299790921062919,0.458315738287001,0.427213721637164,4.32435878161861,0.00531718223274837,0.026480819943668,-0.9,500,2.9,16,4,200
0.0387914825894033,0.420625602749257,0.382340522080893,3.93426451879524,0.024962511122757,0.093798689091687,-0.6,500,2.9,16,4,200
0.0179430572344414,0.407667745192692,0.590244719786553,3.84196846890278,0.0297720422440662,0.157845636693481,-0.3,500,2.9,16,4,200
0.0401796189296684,0.402015839879314,0.674687999985628,3.77752001479906,0.0138023784259068,0.207740794449327,0,500,2.9,16,4,200
0.0299868608581155,0.395812942991499,0.535624523266024,3.69882961192959,-0.00325529384946234,0.236977951065139,0.3,500,2.9,16,4,200
0.0602701731438834,0.396436772734479,0.517861091571915,3.68995738858493,-0.0714131603706868,0.220647449006959,0.6,500,2.9,16,4,200
0.0110596607346164,0.414737715168342,0.624114229968622,4.039242578203,-0.0304321655311287,0.0623740100649777,0.9,500,2.9,16,4,200
0.053283512098333,0.472078482014304,0.820742752123779,4.45500494994476,0.00377645872088514,0.026058021462537,-0.9,500,3,16,4,200
0.0233277074748293,0.426430613189563,0.448517473170005,3.9441302776091,0.0166460253030173,0.091521495266432,-0.6,500,3,16,4,200
0.0672683767707412,0.420339525859032,0.918894027243665,3.9491602525698,0.0218052178089515,0.158256431731283,-0.3,500,3,16,4,200
0.0192536231513979,0.404075885483057,0.553773789235617,3.7374839188163,0.0492218425396114,0.211720545778895,0,500,3,16,4,200
0.0599673680840387,0.404008455077046,0.725500846207668,3.74642392786459,-0.00949852168548516,0.235865225223887,0.3,500,3,16,4,200
0.0299255691124321,0.402601180061987,0.695050197766247,3.74694198205304,-0.0506604219322386,0.217240470227056,0.6,500,3,16,4,200
0.0848147374459156,0.428421507806916,1.0200198668702,4.13099383209722,-0.0272555441736501,0.0596019616580392,0.9,500,3,16,4,200
0.27457520544887,1.11704648550346,5.49264038164126,18.0293357383757,0.0134091356363787,0.0612165306238011,-0.9,500,2.8,16,2,300
0.0963890230467451,0.614217459990874,1.41665226496023,7.11558654108245,0.0429416128795637,0.178104128954482,-0.6,500,2.8,16,2,300
0.103265074280008,0.539060924273721,1.23051941306762,6.07054274924841,0.0929478220284764,0.2888074534283,-0.3,500,2.8,16,2,300
0.0861278994338974,0.491388559884831,1.42943285681107,5.49451609896519,0.0843188819214268,0.375984048033928,0,500,2.8,16,2,300
0.128471440078247,0.466064022995952,1.55366372590795,5.11085186854895,0.00299749087241127,0.418751150627,0.3,500,2.8,16,2,300
0.140298910067755,0.456739978107506,2.01399338636943,5.08233520904042,-0.117914116425891,0.371335087826256,0.6,500,2.8,16,2,300
0.0828036750615191,0.458991083936895,1.38972643856873,4.98850967842741,-0.043354431808942,0.0896030031364341,0.9,500,2.8,16,2,300
0.285651059495848,1.16002623483798,5.75631985918222,18.1105492075865,0.0112431538039582,0.061167854407895,-0.9,500,2.9,16,2,300
0.0652574404508716,0.627042261484596,1.44270308189204,7.10925433722346,0.0402740709607943,0.176254742727227,-0.6,500,2.9,16,2,300
0.0524534651371072,0.545440561112382,1.3757519001672,6.07239496957377,0.0759688968464483,0.284483222748512,-0.3,500,2.9,16,2,300
0.103504450180829,0.509551195163822,1.58147501331776,5.59251113855206,0.0739034950746092,0.377386214894955,0,500,2.9,16,2,300
0.154006508541803,0.490709639514693,2.15116605256795,5.43296370825529,0.00881519510176096,0.42500131943975,0.3,500,2.9,16,2,300
0.152032589340232,0.468342801969925,2.11472942328294,5.10565216238771,-0.115200468381539,0.385865665038679,0.6,500,2.9,16,2,300
0.0622013912464673,0.466266546076315,1.39715066736225,4.97790251302871,-0.0522009546185208,0.0966372903153587,0.9,500,2.9,16,2,300
0.292792701674797,1.20541322915675,5.52900487328354,17.4087465204934,0.0114348747896095,0.0615831062833295,-0.9,500,3,16,2,300
0.0853508111924104,0.653835417592046,1.25997272710837,7.13535196743062,0.0307213182374424,0.172546820240607,-0.6,500,3,16,2,300
0.105563102842211,0.568470090375833,1.38086078241575,6.120254268588,0.0618158050713604,0.287819700396843,-0.3,500,3,16,2,300
0.110690488480645,0.517437717281304,1.33529833457992,5.46071693585438,0.0915422370622194,0.386843708663327,0,500,3,16,2,300
0.156645832845038,0.499951141702727,1.70625505482433,5.29805924281668,-0.00414894289387318,0.423112070552176,0.3,500,3,16,2,300
0.142245001213023,0.474832147583537,1.78182248663608,4.98036710944003,-0.0995529363317673,0.375662733558682,0.6,500,3,16,2,300
0.098108277566711,0.487442213786619,1.47879807241881,5.08815582035994,-0.0397360027467954,0.0917090878591733,0.9,500,3,16,2,300
0.0216625109524861,0.419981529061002,0.625740129524188,4.26141914293301,0.00406853175942674,0.0266968827679841,-0.9,500,2.8,16,3,300
0.0276481129562479,0.373520351265493,0.230976119649484,3.64863800919633,0.0265725929847063,0.0992883642580832,-0.6,500,2.8,16,3,300
0.0184705160712225,0.359605612097947,0.426843214973408,3.54805612430831,0.0375424470256587,0.167745299481894,-0.3,500,2.8,16,3,300
0.0350912677319061,0.353009146143486,0.791465052242145,3.50532292045647,0.0541355992817727,0.231393728015712,0,500,2.8,16,3,300
0.0675333335096984,0.348291998080206,0.896912410720812,3.43976580279957,-0.00756393610474597,0.271996990495007,0.3,500,2.8,16,3,300
0.0351512174659482,0.342155133600085,0.666867613110971,3.35720268281347,-0.062580739859922,0.238463940083569,0.6,500,2.8,16,3,300
0.0381441467587156,0.361164617210091,0.667508276773548,3.62971946115484,-0.0195058726293343,0.0541964398049239,0.9,500,2.8,16,3,300
0.0509186560446247,0.430223644265404,0.528183889114516,4.23030801359363,0.00311757868401141,0.026407731094514,-0.9,500,2.9,16,3,300
0.0109487400060518,0.377941122349499,0.21532650594023,3.622983877642,0.0212981283161325,0.0976609783752149,-0.6,500,2.9,16,3,300
0.030214934679846,0.369623553022594,0.685736024579958,3.62055258199039,0.0372389178206306,0.169502172132877,-0.3,500,2.9,16,3,300
0.0483568016477589,0.358459286653021,0.594073312256911,3.46768825353042,0.0570914906022262,0.237384632948985,0,500,2.9,16,3,300
0.060102243463479,0.354301452771246,0.734506244550867,3.42745735550958,-0.00192926505600664,0.271542373769782,0.3,500,2.9,16,3,300
0.0772678786619001,0.354531120731664,1.17377487161975,3.4930769067234,-0.0817365827199491,0.242296551469808,0.6,500,2.9,16,3,300
0.03390222025851,0.362559120755097,0.292059398898863,3.50684406436252,-0.0204979136416052,0.0544313399417364,0.9,500,2.9,16,3,300
0.0484947258578184,0.444034688458765,0.741551111111537,4.34688859918487,0.00346462042111675,0.0266152806052578,-0.9,500,3,16,3,300
0.00584160908950165,0.38699169964846,0.542522771678606,3.71059309442109,0.0232080851810859,0.0976837676093586,-0.6,500,3,16,3,300
0.0160468202452452,0.371008289954776,0.219397774647832,3.4951343537962,0.049615638811299,0.170370894900261,-0.3,500,3,16,3,300
0.048082809721418,0.365638888536702,0.622085989849976,3.48989329898108,0.044779391679619,0.230503991325739,0,500,3,16,3,300
0.0696104590658447,0.360013223248001,0.723117227319131,3.43512683008355,-0.00495673566970932,0.26836207365237,0.3,500,3,16,3,300
0.102312769569099,0.360976655477233,0.9896176385444,3.46494193889117,-0.0659617160793566,0.236931001746056,0.6,500,3,16,3,300
0.0133282469620468,0.370557875309187,0.482925014875879,3.58217201748436,-0.0241060154430436,0.0556176942180719,0.9,500,3,16,3,300
-0.00127003197767208,0.35823118469398,0.0320710458566699,3.36024062609007,0.00364242002441542,0.0207565736836778,-0.9,500,2.8,16,4,300
0.0407510458214582,0.337260109050979,0.410839624767973,3.18485401893443,0.0074863713850401,0.0725383712236188,-0.6,500,2.8,16,4,300
0.0172148519425566,0.326096484948643,0.374502526501873,3.06830711189004,0.0257672628622982,0.12891035159414,-0.3,500,2.8,16,4,300
0.0240981649414311,0.318499616668248,0.229562214550534,2.95584632576354,0.0179192672974052,0.170550345999305,0,500,2.8,16,4,300
0.0619694843474263,0.31750863743707,0.589673083473992,2.98306980378887,0.00660542312915405,0.196439848888516,0.3,500,2.8,16,4,300
0.0304980306531819,0.315444905000348,0.314131612567547,2.9403670435221,-0.0485447564764024,0.180587071861419,0.6,500,2.8,16,4,300
0.0205773494159141,0.332238975396736,0.407236091649385,3.22291748544952,-0.0111665819643321,0.0405628209085164,0.9,500,2.8,16,4,300
0.0157652511080684,0.368711385472654,0.428109630903651,3.46181265601816,0.00232809946130347,0.0206152207216916,-0.9,500,2.9,16,4,300
-0.00160143464427011,0.340023374038495,0.324277270439941,3.17287450400357,0.0119526964412939,0.0730515599383372,-0.6,500,2.9,16,4,300
0.0235109099480962,0.331802509701819,0.421269545297221,3.09015963338026,0.0238226712448154,0.129243854544112,-0.3,500,2.9,16,4,300
0.024181514308036,0.324166224913846,0.541459844127099,3.01667919889046,0.0284998473745328,0.17236906143084,0,500,2.9,16,4,300
0.0365891421699189,0.320248958102822,0.492122849891502,2.96245697011399,0.0124181194694969,0.19287551543934,0.3,500,2.9,16,4,300
0.0361102794216803,0.320460367088737,0.385092005725665,2.96658624480511,-0.0277629625229502,0.175948516836072,0.6,500,2.9,16,4,300
-0.00194167168377945,0.336153990828257,0.351581115311776,3.22360136745189,-0.0147389038859819,0.0420004825454201,0.9,500,2.9,16,4,300
0.0153450419622236,0.374331715846582,0.322188661398451,3.45343146686094,0.00409443617302537,0.0210983248878397,-0.9,500,3,16,4,300
0.0127652039914728,0.345223017858433,0.128540830713419,3.14335196595961,0.0111623014994116,0.0736855796010599,-0.6,500,3,16,4,300
0.026083232634538,0.337229970729985,0.396161824457064,3.09372082150403,0.0223170357292678,0.128949005986593,-0.3,500,3,16,4,300
0.0300889722443734,0.328210257058831,0.43680040632859,3.00330705295484,0.0317549510193391,0.17242666049348,0,500,3,16,4,300
0.0437404470721862,0.324300788273919,0.472417771638129,2.9640289387774,-0.00225617594021918,0.194569884974418,0.3,500,3,16,4,300
0.0476863773538001,0.326176375534037,0.504073110418902,2.9877050528355,-0.0294460039918235,0.176547465027139,0.6,500,3,16,4,300
0.0378442028468826,0.344662628287427,0.754369372055292,3.30550575037037,-0.0138755917859471,0.0423611665521521,0.9,500,3,16,4,300
0.0975884903333315,0.718322382274811,2.07817826587785,9.04707169986793,0.00701524393274566,0.0455387677884645,-0.9,500,2.8,16,2,500
0.0565946080629742,0.456128156519004,1.31407640588769,5.26140576803775,0.0161265855681607,0.12598458945394,-0.6,500,2.8,16,2,500
0.0160356586197956,0.384887403323251,0.325293341067338,4.15769217833212,0.0579575416495247,0.212673648114168,-0.3,500,2.8,16,2,500
0.0760273937347397,0.367178830437784,1.1245110849809,4.01690342727715,0.0391976448320086,0.284147883398743,0,500,2.8,16,2,500
0.0677960414952521,0.33747652919472,0.872200706611416,3.59644161266399,0.0212157008344508,0.319021326152318,0.3,500,2.8,16,2,500
0.087468201408612,0.32786876060358,1.15086583852585,3.48361733138275,-0.0798659298636139,0.276867746261988,0.6,500,2.8,16,2,500
0.00575861120133464,0.332534912657952,0.374066834652895,3.44991562218393,-0.0218188941842974,0.0544051592640268,0.9,500,2.8,16,2,500
0.173807718128857,0.783530914924655,3.01729339796658,10.0405790317859,0.00718213302461502,0.045670954392345,-0.9,500,2.9,16,2,500
0.0960656345553617,0.475245728520946,1.37384418633788,5.29611578718239,0.00972434118280494,0.123582562997151,-0.6,500,2.9,16,2,500
0.0360460878526661,0.404516743712252,0.607891754674502,4.28105353997219,0.0387933602064311,0.213408245470562,-0.3,500,2.9,16,2,500
0.0438358079920039,0.37289675843635,0.752864622015002,3.94126823971837,0.0409262835941616,0.283752652957723,0,500,2.9,16,2,500
0.0909767088672534,0.352374276276904,1.33574723640131,3.7546661075624,0.00567499803570986,0.317770571524447,0.3,500,2.9,16,2,500
0.0788098322421655,0.3306713582707,0.941705922263702,3.40139880283488,-0.0645199500256363,0.272494395343054,0.6,500,2.9,16,2,500
0.0521225616216539,0.345552555684617,0.745953740965525,3.53189161583601,-0.0278117569655301,0.0587666533899367,0.9,500,2.9,16,2,500
0.186831909099229,0.812276905367667,3.24013551104693,10.2011566852542,0.00495368954201273,0.0455778923445937,-0.9,500,3,16,2,500
0.060847157360633,0.482448413458202,1.12432474736555,5.20090018656953,0.0230432132119062,0.128408635433234,-0.6,500,3,16,2,500
0.050618348962915,0.413788874776764,0.733468324783501,4.31176498146519,0.0341605653433215,0.208277970157609,-0.3,500,3,16,2,500
0.0522949950082577,0.381053954709847,0.74272406048241,3.94221009572464,0.050648775243156,0.283056799329242,0,500,3,16,2,500
0.0897360720562455,0.362906340301368,1.07483040306669,3.72173332458392,-0.0192482574227379,0.315671555767071,0.3,500,3,16,2,500
0.0796053647340157,0.341629000120156,1.0715858054447,3.47884706759555,-0.0767067078007304,0.275458476627696,0.6,500,3,16,2,500
0.0580421211165602,0.354540908755015,0.862458198127991,3.58716460461583,-0.0244340142021341,0.0572465643486455,0.9,500,3,16,2,500
0.0307566101114859,0.32055238692175,0.589477876834136,3.20233404536345,0.00106882860681128,0.0195705760895275,-0.9,500,2.8,16,3,500
0.0151421066638358,0.285714392582875,0.264862775883607,2.78339243292966,0.00302261981067984,0.0708702440026172,-0.6,500,2.8,16,3,500
0.0198225153992871,0.275460595147696,0.352897895465473,2.68449799757103,0.0100763144684984,0.12235517166455,-0.3,500,2.8,16,3,500
0.0218252065362917,0.267749355167024,0.249278078724668,2.58898121048967,0.0285517806290523,0.17542398125753,0,500,2.8,16,3,500
0.0557843151025643,0.263904965928497,0.340162391208491,2.53393753351455,-0.00828987995403245,0.207640296857035,0.3,500,2.8,16,3,500
0.028012055525459,0.259421960322338,0.309763319181783,2.48767298430158,-0.0384442058021412,0.179766013113165,0.6,500,2.8,16,3,500
0.0106451702830242,0.273249297569372,0.179136215955549,2.67668830192467,-0.0132385333387159,0.0368504878523359,0.9,500,2.8,16,3,500
0.0325379127065191,0.327322190317684,0.55402219491088,3.20787020258574,0.00161722849378269,0.0197849393675378,-0.9,500,2.9,16,3,500
-0.000620189082393594,0.291292504074131,0.232969582385228,2.79870424145768,0.00997611623923671,0.0721284539112707,-0.6,500,2.9,16,3,500
0.00316532659885692,0.2788014143597,0.160805065500832,2.65548379326823,0.0230130190675234,0.125363671602595,-0.3,500,2.9,16,3,500
0.0358557212097504,0.272277317632188,0.155963093056127,2.56848538343477,0.0306432608295598,0.176619343454199,0,500,2.9,16,3,500
0.0318265287914959,0.267648923677183,0.460418254271586,2.55706199255532,0.000432266457798101,0.209420621327001,0.3,500,2.9,16,3,500
0.048532457415865,0.265853584182886,0.62547773203243,2.54343255891942,-0.0400179768337823,0.177646248354842,0.6,500,2.9,16,3,500
0.0197664975185917,0.279876244983188,0.367224733268929,2.72043620274036,-0.0114224198738252,0.0363188005397306,0.9,500,2.9,16,3,500
0.0193742090493638,0.332118399675691,0.264317436704285,3.15739261673807,0.00181146909766909,0.0198840219151004,-0.9,500,3,16,3,500
0.0449242114426653,0.299305088931893,0.453110940392433,2.83854939658417,0.00677534634879301,0.0722812258026529,-0.6,500,3,16,3,500
0.0172497008799737,0.282869887916218,0.102837600292426,2.63652790629312,0.0239111626189162,0.12536305974398,-0.3,500,3,16,3,500
0.00225769840347747,0.275037161596816,0.0665401311959612,2.56063388620841,0.0365788525380926,0.178012905534083,0,500,3,16,3,500
0.0363627783994652,0.270560875363866,0.309378125833954,2.52779780598141,0.0124222984390652,0.207762981675901,0.3,500,3,16,3,500
0.0369992707401829,0.269453670728556,0.475465394297181,2.52550058397593,-0.0394014144980096,0.179165507233358,0.6,500,3,16,3,500
0.0113098008263083,0.282675669226573,0.209206487444738,2.69257728980071,-0.0130247969741973,0.0366179454491777,0.9,500,3,16,3,500
0.0192740032775386,0.279322292973722,0.348488089992828,2.64186299630834,0.000886881662615827,0.0156182825707296,-0.9,500,2.8,16,4,500
0.00885379842047087,0.259295311368718,0.316284311945029,2.4439654607937,0.00652881930458237,0.0559662975775509,-0.6,500,2.8,16,4,500
0.0372206145662947,0.251410658653856,0.252312543655784,2.3367699524775,0.00380356003953464,0.0960966081656982,-0.3,500,2.8,16,4,500
0.00996592692273561,0.244579774454256,0.280635478450622,2.26585051329516,0.0175148474736055,0.130406455991472,0,500,2.8,16,4,500
0.0039575198187714,0.241272201948326,0.207659406441735,2.23160627476423,1.50692201695539e-05,0.152317155252585,0.3,500,2.8,16,4,500
0.00384199608547776,0.241670124195933,0.20900919611885,2.2380879494663,-0.0333859276428265,0.136720027353323,0.6,500,2.8,16,4,500
-0.00903018771321243,0.253004421086295,-0.0351135205894749,2.40368838288179,-0.00612362628222479,0.0287912963567176,0.9,500,2.8,16,4,500
0.00439444321385887,0.282122970567253,0.290125773135361,2.62404200176366,0.00146150455511624,0.015750527370502,-0.9,500,2.9,16,4,500
-0.00259570854002243,0.262943005444886,0.419244346298891,2.45326153430155,0.00529686822429081,0.0552273949410664,-0.6,500,2.9,16,4,500
0.000678949423559701,0.25359496320827,0.194920433873431,2.33420165898611,0.0169756306383777,0.0982901106698715,-0.3,500,2.9,16,4,500
0.0167213006132539,0.249062672074605,0.379819975824423,2.29580815330394,0.0140746793363527,0.131624810963219,0,500,2.9,16,4,500
0.0187380642954349,0.244906476145603,0.211962071121474,2.23550166926381,-0.00216986655836628,0.152425944079515,0.3,500,2.9,16,4,500
0.00781273740035008,0.244298406006438,0.0347481429603524,2.2225238450816,-0.0217417033201986,0.135739436810378,0.6,500,2.9,16,4,500
0.0299455850137316,0.259499343287209,0.281480122965839,2.46393856333933,-0.00909870977273828,0.0301918926435172,0.9,500,2.9,16,4,500
0.0119612453025121,0.288245546299041,0.347279943284278,2.65136231376554,0.00210139970272378,0.0159387208696906,-0.9,500,3,16,4,500
0.0196909174489715,0.267418355941344,0.326342806963914,2.44815142464173,0.00903840294954118,0.0563470975549124,-0.6,500,3,16,4,500
0.00637021921599442,0.258315754072428,0.312313129037965,2.3576481168811,0.00994724937813496,0.0975499703913745,-0.3,500,3,16,4,500
0.0081779333457861,0.251210288298623,0.219280955975136,2.27352731742101,0.0224496775216773,0.131487699012623,0,500,3,16,4,500
0.0213107508078778,0.247651689262866,0.211115997931017,2.23484672514584,0.00626513655114894,0.152135359268384,0.3,500,3,16,4,500
0.0312856573227474,0.249897901079832,0.334264316381195,2.26777083506323,-0.0217361951721563,0.135786444269248,0.6,500,3,16,4,500
0.0174474277528834,0.261703613396757,0.0750219981964202,2.42576041580799,-0.00802168112992577,0.0297179298769283,0.9,500,3,16,4,500
0.0940503707527513,0.485557335109566,1.53717462155642,5.80888302608702,0.00115125958033973,0.0307869651086045,-0.9,500,2.8,16,2,1000
0.0207590925930479,0.306219541896214,0.404432071238592,3.33846699963528,0.0123949208204513,0.0861958556378841,-0.6,500,2.8,16,2,1000
0.00543992063255415,0.266161511715485,0.253732713514748,2.83458158971811,0.0173835822470802,0.139966709009209,-0.3,500,2.8,16,2,1000
0.0331458427504131,0.246149049636807,0.374500303432223,2.59609607357684,0.0230453172676594,0.194172779231732,0,500,2.8,16,2,1000
0.0546337247497244,0.231973267313619,0.699674039720942,2.44363997491745,-0.00421563544222227,0.223862992054289,0.3,500,2.8,16,2,1000
0.0621642878332693,0.218679358034257,0.669691968741529,2.24625149268308,-0.0547243199220899,0.180837388481962,0.6,500,2.8,16,2,1000
0.0196072712762933,0.229508664896627,0.263789847971262,2.34047757985811,-0.00736513613395466,0.0308600934549938,0.9,500,2.8,16,2,1000
0.0696540562933088,0.492087092070662,1.16637952865848,5.62366862102699,0.00368383553052638,0.0313858447714572,-0.9,500,2.9,16,2,1000
0.00874568769304679,0.313454644571901,0.318280971787843,3.31938984258508,0.0109167442692249,0.0863303826627055,-0.6,500,2.9,16,2,1000
0.020427082474708,0.275382512760784,0.386116135090112,2.87323688759094,0.0161894454840728,0.140024898787261,-0.3,500,2.9,16,2,1000
0.0248220619228966,0.252076115401476,0.378675684008446,2.6045987871869,0.0268730806323095,0.195629151559578,0,500,2.9,16,2,1000
0.0384058370257747,0.235302937526636,0.409306156355164,2.39668349228747,-0.00650605456155726,0.223357823571484,0.3,500,2.9,16,2,1000
0.0453967766162017,0.221798005543344,0.564197046665322,2.23370742453755,-0.0425636958214508,0.179368382461228,0.6,500,2.9,16,2,1000
0.0259775040206472,0.2358859003151,0.42846501208772,2.3746041603033,-0.00764135474876112,0.0313780672338839,0.9,500,2.9,16,2,1000
0.0662720966088743,0.509327200298828,1.06014381451152,5.60182229708139,0.00333126942152384,0.0314595672948488,-0.9,500,3,16,2,1000
0.0363915820621879,0.327177850496167,0.651137512343826,3.41603330830758,0.0104397637545553,0.0862755701531736,-0.6,500,3,16,2,1000
0.0147280183496184,0.280126390290548,0.315370579583803,2.84952985337255,0.0236877448815094,0.141695763534934,-0.3,500,3,16,2,1000
0.0322819302870272,0.259113688105798,0.347203246571453,2.61452075744979,0.0271761660994834,0.194998943750123,0,500,3,16,2,1000
0.0490862347500554,0.240953258685451,0.517352304293005,2.41205580537583,0.00735133490907835,0.223865001881622,0.3,500,3,16,2,1000
0.0529702380029486,0.227972686771911,0.735059907921186,2.27101624351266,-0.0593115288158536,0.185435540481091,0.6,500,3,16,2,1000
0.0329868495211425,0.240668890704575,0.220044366379576,2.34562273986377,-0.0097051762826407,0.0319935119651344,0.9,500,3,16,2,1000
0.014671913491689,0.22166759221044,0.304812429093634,2.18085327649331,0.000392069706078579,0.0135127822890929,-0.9,500,2.8,16,3,1000
0.00647015627964427,0.199658142372741,0.158884536145324,1.93347130275496,0.00168921778740774,0.0493531081082515,-0.6,500,2.8,16,3,1000
0.0111326802691979,0.192830747989831,0.19655850510173,1.86527304615868,0.00426055246222164,0.0850472400351639,-0.3,500,2.8,16,3,1000
0.0180768518734048,0.187747679318649,0.182443975069961,1.80298423082529,0.0216988840524496,0.123186795840664,0,500,2.8,16,3,1000
0.022042613513042,0.182909744548173,0.0784203908050743,1.73808254701861,0.00839281441609259,0.148864372396839,0.3,500,2.8,16,3,1000
0.0205520208283196,0.181364495143855,0.277051484406666,1.72992293797681,-0.0252020077625767,0.124850446391764,0.6,500,2.8,16,3,1000
0.0069430989040704,0.191609818887595,0.0894212740732392,1.86675791036145,-0.0061768821960832,0.0229150024063144,0.9,500,2.8,16,3,1000
0.01554605261694,0.225461395653824,0.161901419957332,2.16234064812505,0.00077483938193122,0.0135920421659293,-0.9,500,2.9,16,3,1000
0.0116412997154177,0.203739468862249,0.127641878068716,1.93493617967683,0.00383483402870423,0.0496426342654118,-0.6,500,2.9,16,3,1000
0.000373404713443152,0.195480046379044,0.0845724192474422,1.84899720727967,0.00969064301408685,0.0853438267374182,-0.3,500,2.9,16,3,1000
0.00700599704993402,0.190449950969517,0.0802019142355904,1.79593819486417,0.0100660355521441,0.12204809563465,0,500,2.9,16,3,1000
0.029950418131243,0.186981662565131,0.284843257153135,1.76851430857803,0.00726072802260119,0.150764372405612,0.3,500,2.9,16,3,1000
0.00847654314413461,0.183928318043525,0.296445200623888,1.73644667067517,-0.0344698511484334,0.128701744654018,0.6,500,2.9,16,3,1000
0.0127728356709676,0.19547448769489,0.170506293000917,1.88155218588585,-0.00427845282496363,0.022509832314907,0.9,500,2.9,16,3,1000
0.0048828025542478,0.229219267886273,0.106058818209387,2.15608046817479,0.0020869482146516,0.0137809066666825,-0.9,500,3,16,3,1000
0.0094141143380492,0.207100079504172,0.0754556117842095,1.92805196015055,0.00809467038662279,0.0503949341315999,-0.6,500,3,16,3,1000
0.009919887862722,0.199269337041746,0.16405287355073,1.85980991084042,0.00793711806186037,0.0857557573405768,-0.3,500,3,16,3,1000
0.00410445178761393,0.193446372646529,0.0894543768446276,1.79940142724602,0.0107776887717394,0.122588492474297,0,500,3,16,3,1000
0.018313462113107,0.189855555906521,0.366117914536239,1.78026650265571,0.00286623528476069,0.149251908306997,0.3,500,3,16,3,1000
0.0204085952650448,0.18676693773186,0.255346251852287,1.73179802642498,-0.0187194616866711,0.122741827386093,0.6,500,3,16,3,1000
0.00739447539045544,0.198737345121405,0.16289864345046,1.88301555930835,-0.00616942302356404,0.0230255376082388,0.9,500,3,16,3,1000
0.00415472363626899,0.194235789485882,0.0317937264313187,1.80632870743014,0.000687201674633071,0.0109338020528231,-0.9,500,2.8,16,4,1000
0.0113416771861185,0.181659197818425,0.119895426327917,1.68884517884089,-1.0808559495572e-05,0.0385162745470993,-0.6,500,2.8,16,4,1000
-9.64972408164583e-05,0.175741766423774,0.0606323264486092,1.62344541968536,0.00489281812333823,0.0674866136745238,-0.3,500,2.8,16,4,1000
-0.00669698308518904,0.171262303032245,0.0452511359006738,1.57581560819601,0.0103969734724589,0.0914102278449822,0,500,2.8,16,4,1000
0.0249547537462109,0.17058390481468,0.255417422722941,1.57170485277029,-0.00553768978534219,0.107249572517807,0.3,500,2.8,16,4,1000
0.00280483763145218,0.170361813326415,0.184598933259645,1.5712138845595,-0.0179175666910438,0.096799789387104,0.6,500,2.8,16,4,1000
0.0130710560273407,0.179419306254276,0.120374061926072,1.70825044867979,-0.00566975179845699,0.0198893921975718,0.9,500,2.8,16,4,1000
0.00701328756682326,0.197772170781222,-0.0491442247777384,1.802166070526,0.000986422206268586,0.011008329195662,-0.9,500,2.9,16,4,1000
-0.0117779362329277,0.184063808184207,0.107263893870094,1.69395064006524,0.00332672305664685,0.0389008238267175,-0.6,500,2.9,16,4,1000
-1.52625971928574e-05,0.178952811712481,0.148195644477593,1.63965953274786,0.00258874804465614,0.0680780880889675,-0.3,500,2.9,16,4,1000
0.0209997684748715,0.174128235902924,0.0723968410598471,1.57757253993267,0.000646220596481176,0.0908023245801853,0,500,2.9,16,4,1000
0.00903194407058152,0.17213265610756,0.221036722294848,1.56953859031904,-0.000509632913484029,0.108397233771343,0.3,500,2.9,16,4,1000
-0.000229639107206176,0.172054681950732,0.1449415036353,1.56750398856333,-0.0173487179119278,0.0975160394276446,0.6,500,2.9,16,4,1000
-0.0097903859734881,0.180941742707869,-0.0337615045909694,1.69452827248164,-0.00492727600822254,0.0197674439581092,0.9,500,2.9,16,4,1000
0.0146280873336617,0.202124193339915,0.119483668808169,1.82804974858797,0.00083992921441337,0.0110473616856093,-0.9,500,3,16,4,1000
-0.00251153167412525,0.186971919167716,0.0952919466476436,1.69153743035909,0.00602441046206872,0.0393076999836835,-0.6,500,3,16,4,1000
0.00592179817226095,0.181572928288301,0.174767313587598,1.64328256635416,0.00480524669101078,0.0683840707428468,-0.3,500,3,16,4,1000
0.00953913099314693,0.176991358776579,0.172795428684448,1.59363729829126,0.00423589856063341,0.0924846726406601,0,500,3,16,4,1000
0.0148146912753352,0.174380711188837,0.129830559878349,1.56360926248873,0.0041906673923996,0.109104054905362,0.3,500,3,16,4,1000
0.0145957526307029,0.174445934759201,0.0711181900158062,1.56421968651239,-0.0114515257297912,0.0960200117365925,0.6,500,3,16,4,1000
0.00352912076264595,0.184748938488188,0.106768258166835,1.71762726328261,-0.00353418753930126,0.019469238768949,0.9,500,3,16,4,1000
