"beta_error","beta_sd_avg","omega_error","omega_sd_avg","rho_error","rho_sd_avg","rho","Tfull","N","n_reps","beta_free","omega_var"
0.120746837932496,0.543157519154277,0.331564873485744,1.23142093901734,0.0221066720167892,0.0837071159582409,-0.9,3,20,1000,1,1
0.0630172847066962,0.480177601935687,0.212983952484929,1.00264020756901,0.0550076402003703,0.161827148334908,-0.8,3,20,1000,1,1
0.0637484689907801,0.446260731868122,0.10857503755072,0.809260436434668,0.0995638752339301,0.246855709255725,-0.7,3,20,1000,1,1
0.0476374507406447,0.440277671715673,0.125956772058121,0.816267487891196,0.124962588134026,0.314293796731323,-0.6,3,20,1000,1,1
0.0755493621734628,0.433174283436781,0.152420189508047,0.815579531197709,0.159314717800893,0.383158073174569,-0.5,3,20,1000,1,1
0.0629310443304231,0.418685590381075,0.0978976430812133,0.751875468767305,0.182942145636166,0.449898381167125,-0.4,3,20,1000,1,1
0.0636194018217804,0.419157141549437,0.127404462990687,0.789252056298473,0.163033672699581,0.479397917464807,-0.3,3,20,1000,1,1
0.0984590062236387,0.420541617074909,0.156361592983108,0.798310967685543,0.137428522051258,0.526603743979053,-0.2,3,20,1000,1,1
0.100567496569484,0.421942010703966,0.157617084333984,0.797112203773436,0.103974920463329,0.592399026671023,-0.1,3,20,1000,1,1
0.0655230362546281,0.412135334336052,0.148625064535613,0.792270477911211,0.114973280876239,0.639990638782618,0,3,20,1000,1,1
0.097104829856523,0.415986933458315,0.158805914810374,0.799723427665899,0.0455371985949886,0.650014132428696,0.1,3,20,1000,1,1
0.110054279742112,0.417583692583362,0.157985992355914,0.817670177822877,0.0345234450296218,0.651448460935561,0.2,3,20,1000,1,1
0.126488432305059,0.419650087365711,0.18970713169103,0.829336490414961,-0.0363090819611875,0.656346916038835,0.3,3,20,1000,1,1
0.115589767327623,0.414925814193157,0.158292673754338,0.805903766174359,-0.0743643712790436,0.670173340261453,0.4,3,20,1000,1,1
0.0965771545664279,0.412712775865826,0.152256066961528,0.795290401513983,-0.116642750733345,0.684994235073704,0.5,3,20,1000,1,1
0.121453497616533,0.425611711113598,0.264337551523336,0.912459495471364,-0.155469181441138,0.676229363259733,0.6,3,20,1000,1,1
0.106123819799899,0.413899602812686,0.163646010698949,0.83003223669367,-0.20160678723518,0.616995348468393,0.7,3,20,1000,1,1
0.113887409915068,0.426580594566095,0.253385180427741,0.934801310522788,-0.229736538999498,0.580579748915431,0.8,3,20,1000,1,1
0.0871400388454754,0.431240647221101,0.217447886697081,0.948394005374775,-0.201692518413921,0.395133759080802,0.9,3,20,1000,1,1
0.0512924980422631,0.398512096696977,0.0880060143321434,0.686204437746157,0.019823056194785,0.0616122198429144,-0.9,4,20,1000,1,1
0.0269712029881249,0.373964286700424,0.0852043650501377,0.624061896963066,0.0355575900838292,0.110013550246215,-0.8,4,20,1000,1,1
0.0555125386087867,0.363233340215055,0.0721736845262474,0.60037898437616,0.0609606021167812,0.159512540955146,-0.7,4,20,1000,1,1
0.0376160348354634,0.35556288722908,0.0380747393512891,0.568881643627875,0.072344227573828,0.205684756475209,-0.6,4,20,1000,1,1
0.0396355195659887,0.351162553759817,0.065224302974772,0.588040591104502,0.106178080279131,0.25483301674936,-0.5,4,20,1000,1,1
0.0310126410644298,0.339138640196521,0.010196467885409,0.550184485051592,0.13759147476798,0.297801462686001,-0.4,4,20,1000,1,1
0.0434524215951813,0.343612892615147,0.0588113132658692,0.578161451405662,0.121537928922209,0.333922979789387,-0.3,4,20,1000,1,1
0.0365526589904656,0.336130537475818,0.0268644812972567,0.554856372808931,0.121526071858295,0.360916599467014,-0.2,4,20,1000,1,1
0.0481190035147423,0.339441812155667,0.0793439654942613,0.578859226397896,0.0689101518273771,0.38163229531097,-0.1,4,20,1000,1,1
0.0664669020027823,0.340409685274183,0.0821717119988163,0.587693886741655,0.058020192989481,0.410031396610213,0,4,20,1000,1,1
0.0497962843045139,0.337570153561443,0.0682710511070853,0.582198065067274,0.0314291144769218,0.430637598523879,0.1,4,20,1000,1,1
0.0662746805491164,0.340530728204899,0.0857619840342946,0.592797144872337,0.00655656589725728,0.435365255207213,0.2,4,20,1000,1,1
0.0793503803476922,0.340490234342455,0.0713864801881352,0.589058231873,-0.02634831234934,0.436526288385005,0.3,4,20,1000,1,1
0.0707127562359467,0.333392713987098,0.0481014902032405,0.580843028092333,-0.0588822573432512,0.451938407867208,0.4,4,20,1000,1,1
0.0530075393671859,0.335719979814599,0.0532722950145816,0.588318539088979,-0.0867666032941483,0.435080536727446,0.5,4,20,1000,1,1
0.0659565920786507,0.341468821863715,0.0834243452643334,0.615985468385345,-0.151446939029374,0.442375386189635,0.6,4,20,1000,1,1
0.0500786107050867,0.340838531397831,0.0822272488618953,0.622784523968994,-0.19582398045047,0.420637846020374,0.7,4,20,1000,1,1
0.0469746963946546,0.337830625152478,0.0484663457062661,0.621001016629026,-0.201183449666843,0.365206768677735,0.8,4,20,1000,1,1
0.0371178861093466,0.353975231471315,0.107363779651681,0.717235713057235,-0.170305319696038,0.252558562885964,0.9,4,20,1000,1,1
0.0565093857797715,0.390571427464221,0.0921667037412229,0.671511775543854,0.0154005974117858,0.0627997747763503,-0.9,3,30,1000,1,1
0.0321301525358558,0.360334102393565,0.0715043254796202,0.61018768333468,0.035246085412585,0.121470314392998,-0.8,3,30,1000,1,1
0.0487449700152375,0.34595886248196,0.0971691650152775,0.599956263449786,0.063051851326202,0.177585909665903,-0.7,3,30,1000,1,1
0.0555720967671993,0.338041282753258,0.0809279153642013,0.575803064362446,0.0815545486025754,0.231834623171035,-0.6,3,30,1000,1,1
0.0537832070211924,0.334844580921638,0.0983116088679999,0.585075489150508,0.0788577896482214,0.27591164969465,-0.5,3,30,1000,1,1
0.0606291459290524,0.328255889691452,0.105145108727935,0.572914880254168,0.10926851062472,0.323324486617921,-0.4,3,30,1000,1,1
0.0598549240315043,0.3217560285885,0.0728350512158944,0.552338741988498,0.120232628755747,0.366940635405045,-0.3,3,30,1000,1,1
0.0481185941260818,0.317493424231881,0.0756393839467904,0.553596393538098,0.10625004052662,0.400021534356373,-0.2,3,30,1000,1,1
0.047455140440172,0.315736523110892,0.0885597070249289,0.56816834311229,0.11058928129741,0.442569601453631,-0.1,3,30,1000,1,1
0.0514980871258656,0.311950818741922,0.07257913871324,0.547109544956798,0.0891402170790994,0.458171297939852,0,3,30,1000,1,1
0.0602240647353196,0.31706220594489,0.129716546626337,0.584393385014662,0.0504199696731187,0.484309155671213,0.1,3,30,1000,1,1
0.0570069970965673,0.312949355478978,0.0844382227005715,0.561913961216431,0.0210237632008069,0.499524308320005,0.2,3,30,1000,1,1
0.0558262305688536,0.311073469509404,0.0998976436870826,0.570141350530994,-0.00665498474496426,0.507104868117439,0.3,3,30,1000,1,1
0.0741190505387661,0.31696133026333,0.128145038781744,0.590655715994059,-0.0716069859881905,0.524843714776385,0.4,3,30,1000,1,1
0.0675770192586362,0.315956067720804,0.126724622872103,0.59531803066785,-0.0982095197602792,0.499669978528882,0.5,3,30,1000,1,1
0.0554899883594141,0.30824601245635,0.0675545066193082,0.560455817378212,-0.131943978612285,0.502097959855589,0.6,3,30,1000,1,1
0.0758478942673101,0.316768928286412,0.119825203771435,0.603416783537948,-0.170496540983272,0.448319906926446,0.7,3,30,1000,1,1
0.060594535990802,0.320002171069669,0.151332485787032,0.631147777532139,-0.177430139724864,0.384234414802558,0.8,3,30,1000,1,1
0.0507895085241545,0.330802520919679,0.192293756824952,0.710841507974743,-0.142282553647444,0.250935267295038,0.9,3,30,1000,1,1
0.0104763438419731,0.31260046267142,0.0311289489764704,0.490661006733034,0.0119156436525426,0.0466270686426661,-0.9,4,30,1000,1,1
0.0249266373847572,0.300035839106161,0.0565538042256645,0.474229543227975,0.0258770536824476,0.0862466231684409,-0.8,4,30,1000,1,1
0.0312162176076929,0.291483603968581,0.0246900581764968,0.450473362324954,0.0357778646203524,0.122550503653719,-0.7,4,30,1000,1,1
0.0209409294816887,0.28267714242603,0.0223049856604079,0.442673787891207,0.0509236452837176,0.159748433684028,-0.6,4,30,1000,1,1
0.0241775935157506,0.276831996621417,0.0116134243234619,0.434988838429729,0.0712553995388156,0.199145448503973,-0.5,4,30,1000,1,1
0.0245340948394377,0.274540650145409,0.010248203991511,0.429143596265992,0.0768370183680286,0.233563880250956,-0.4,4,30,1000,1,1
0.0361482024157589,0.273824116485848,0.0233538191574385,0.435029564759045,0.0834195034062994,0.25902410457545,-0.3,4,30,1000,1,1
0.0409247352451939,0.271690660226657,0.0393194050389044,0.439065706864689,0.0780948153351982,0.282634367779748,-0.2,4,30,1000,1,1
0.0298626987181872,0.268619115281094,0.0331878066344955,0.43922256057401,0.0812116669003233,0.306568364335244,-0.1,4,30,1000,1,1
0.0410053839580573,0.270932819940453,0.0546346586299578,0.450631479815398,0.0585409652542091,0.327759341310145,0,4,30,1000,1,1
0.0397012032373426,0.265327327463755,0.0140098202777378,0.430963309320538,0.0405737838269596,0.339130055985562,0.1,4,30,1000,1,1
0.0348058355901413,0.265088606771189,0.0329207143895291,0.439282795405064,-0.00102345008818833,0.35277549120769,0.2,4,30,1000,1,1
0.0382483000145797,0.265980824856178,0.0333476503959594,0.442571000208371,-0.0215169908442283,0.362658493006453,0.3,4,30,1000,1,1
0.0654069591876537,0.268714627064236,0.0574130955940602,0.460422723251637,-0.0571386536860888,0.359296797658701,0.4,4,30,1000,1,1
0.0309004728513544,0.26429842234532,0.0299785631447822,0.445869019608884,-0.100826779057447,0.359853627110451,0.5,4,30,1000,1,1
0.0505738077889285,0.267077294221197,0.0223863701170451,0.451336706143459,-0.130078742297693,0.349050986836168,0.6,4,30,1000,1,1
0.024142549427252,0.271054527596459,0.0644953430915325,0.480274012965629,-0.146793788733311,0.321529570389976,0.7,4,30,1000,1,1
0.0307293612860496,0.27260561095652,0.0463472548683787,0.491613505733221,-0.13358760918984,0.26802561785438,0.8,4,30,1000,1,1
0.0296885603045594,0.285043826231359,0.076297709125973,0.553772277307168,-0.0999348960593261,0.168189775970029,0.9,4,30,1000,1,1
0.0549097605988425,0.325871368477127,0.0846799610507302,0.560048025126912,0.0121654314314398,0.0521185265313903,-0.9,3,40,1000,1,1
0.0453668061077138,0.305101258313044,0.102637717262057,0.520342323010566,0.0218357646658612,0.0947270058597577,-0.8,3,40,1000,1,1
0.0292503675429697,0.291657346069921,0.0657423842119527,0.485689144818807,0.0370890883985549,0.141485228457621,-0.7,3,40,1000,1,1
0.0559179337223123,0.284592424937445,0.0667632870330873,0.470100659500972,0.0472835516564369,0.182114165450372,-0.6,3,40,1000,1,1
0.0349476782064762,0.277757562679033,0.0539452275743113,0.458961850179556,0.0596276120816679,0.226226364803503,-0.5,3,40,1000,1,1
0.0330344198984731,0.271963606312887,0.0490232140374226,0.451363739602691,0.0943651390721477,0.267014791314564,-0.4,3,40,1000,1,1
0.0228229642443846,0.265041127162587,0.0295269966697431,0.439775455430165,0.0981308151960408,0.298129455100709,-0.3,3,40,1000,1,1
0.0595114678121907,0.269239817930863,0.0549899265251913,0.452168575758574,0.0881204071591945,0.330976123702624,-0.2,3,40,1000,1,1
0.0554284138799384,0.266667956308251,0.069424874334687,0.457239683245376,0.0799851732680845,0.366559369710123,-0.1,3,40,1000,1,1
0.0337072037099918,0.260655117917141,0.0519318244010183,0.447911221285258,0.0634013560378931,0.387473912175366,0,3,40,1000,1,1
0.0496275879602384,0.262818223427385,0.071010170094636,0.459485823239515,0.0572791057442597,0.411897502754893,0.1,3,40,1000,1,1
0.0470629038110457,0.260956211869844,0.0626717429393135,0.453266416480953,0.0148628912538965,0.426421265052517,0.2,3,40,1000,1,1
0.0652279005733065,0.260026355032961,0.0508381163697991,0.45184055607279,0.00275905480639417,0.426028410993166,0.3,3,40,1000,1,1
0.0751404115178171,0.26305168325278,0.0826567262446872,0.465310030761528,-0.0527681600563527,0.431375346228142,0.4,3,40,1000,1,1
0.0605738357474441,0.260695400507784,0.0642253146214334,0.46349898478657,-0.0753103436551618,0.423394452744229,0.5,3,40,1000,1,1
0.0426315608143093,0.260171072658026,0.0730402867861046,0.469416130915513,-0.11256559929928,0.408273784673259,0.6,3,40,1000,1,1
0.0562110783178985,0.261439855195497,0.0860697861563625,0.477847243413074,-0.138674979024425,0.372622172228873,0.7,3,40,1000,1,1
0.0465372017427945,0.26456673004327,0.103039761849475,0.505222767349655,-0.148154092781511,0.308664843730969,0.8,3,40,1000,1,1
0.0314859993783222,0.2718120202803,0.0811009341383109,0.542152666061531,-0.0839715509736523,0.17150438329093,0.9,3,40,1000,1,1
0.00908055314599595,0.268542299676984,0.0424569724977786,0.417343414399446,0.00965978966123161,0.0387586358344424,-0.9,4,40,1000,1,1
0.0165710619941939,0.255411790527399,0.0317595747046733,0.393944694488402,0.0212209786063551,0.0723518813147228,-0.8,4,40,1000,1,1
0.012218243184341,0.249078917237803,0.0273066036424181,0.382597907238369,0.0196830488077128,0.100783272235335,-0.7,4,40,1000,1,1
-0.00456308430937974,0.240359498673324,0.0133625621260552,0.374733624212816,0.0484274981991247,0.138207888873827,-0.6,4,40,1000,1,1
0.0240191779777035,0.240246175086092,0.0330388422347645,0.377270858271549,0.0480043584396312,0.167718884025436,-0.5,4,40,1000,1,1
0.0159850620525945,0.235822682608759,0.0160654839313845,0.368472634513267,0.0565481020489947,0.195074107489656,-0.4,4,40,1000,1,1
0.0213063235547456,0.233148484559326,0.0201175779966304,0.365803180605057,0.0702255187225591,0.222924389654939,-0.3,4,40,1000,1,1
0.0361862186705956,0.231498838105976,0.0135527884715201,0.364678126169265,0.0585731390190455,0.240158323928227,-0.2,4,40,1000,1,1
0.0145650792256482,0.228198450985457,0.0170082524757177,0.363876916703289,0.0658801928270445,0.262548420424306,-0.1,4,40,1000,1,1
0.0132589397800397,0.227811140611197,0.0234490941062584,0.367702356479273,0.0496329222788505,0.27566342979028,0,4,40,1000,1,1
0.0331337075575123,0.228202237377601,0.030800689270347,0.371305937101599,0.0206280262414366,0.292983863276034,0.1,4,40,1000,1,1
0.0305514619183962,0.227479368434348,0.0434446154005751,0.375987294825317,0.00788220940819886,0.304891321586267,0.2,4,40,1000,1,1
0.0349901357949047,0.225859233172531,0.0140415392830714,0.368817998300577,-0.00840848063646496,0.311174474691445,0.3,4,40,1000,1,1
0.0281753271655466,0.227208799745427,0.0406952638017339,0.378403344450671,-0.045458344953064,0.31383558796269,0.4,4,40,1000,1,1
0.0369407010858698,0.227162511947486,0.0288981479115672,0.380739358588376,-0.0753190240434574,0.302068782745467,0.5,4,40,1000,1,1
0.0349478404367686,0.228285646631427,0.0375300167687002,0.389165523183049,-0.0897259645947411,0.29274839904382,0.6,4,40,1000,1,1
0.0244645248797065,0.229328982201718,0.0397656923193349,0.396573328292371,-0.118570217992252,0.271799181187551,0.7,4,40,1000,1,1
0.0220716761243802,0.234327243488629,0.0497646768911502,0.418711536403913,-0.107016903575451,0.217004651738286,0.8,4,40,1000,1,1
0.0153044348188952,0.24208026961204,0.0433581267905083,0.461863760723847,-0.0666036982191687,0.122997748281022,0.9,4,40,1000,1,1
0.020912698812149,0.281457716964046,0.0712214740256404,0.471264857777135,0.00758594041631144,0.0435764115122698,-0.9,3,50,1000,1,1
0.0353933707095952,0.264381198678748,0.0413651717482797,0.425225763356517,0.0208332676912212,0.0843766209302811,-0.8,3,50,1000,1,1
0.0223878993078612,0.252887853652047,0.0435168198857758,0.409382755175883,0.0284994812359055,0.120844495232686,-0.7,3,50,1000,1,1
0.0208732422060126,0.248051205944804,0.0512498229133596,0.404863729010006,0.033637537683803,0.154754159796628,-0.6,3,50,1000,1,1
0.0138469523663256,0.242551901007595,0.0472051212959315,0.399848857851232,0.0548817437535626,0.196619319656514,-0.5,3,50,1000,1,1
0.0168304822365289,0.237049774384055,0.0325937401747126,0.385344093710372,0.0784529609534473,0.234281958828175,-0.4,3,50,1000,1,1
0.0294728457555103,0.234111013870256,0.0181454873236559,0.378311391822739,0.075124389253469,0.268590805957156,-0.3,3,50,1000,1,1
0.0468738833981218,0.23469787420702,0.0318681017822923,0.381346493774924,0.0743005695945116,0.296985539392756,-0.2,3,50,1000,1,1
0.0388184316302272,0.232458875614279,0.0405913548524304,0.388526334375893,0.0639644830843329,0.322221747570831,-0.1,3,50,1000,1,1
0.026637400300502,0.228952862456217,0.0406746980041555,0.386414548842977,0.0751836059068371,0.3465739344772,0,3,50,1000,1,1
0.0310277512836953,0.228265861894052,0.0419676309689841,0.38878887891823,0.0552712895570244,0.36346163537342,0.1,3,50,1000,1,1
0.0462500342298598,0.228736872463327,0.0658974613307973,0.398511740415905,0.0101718468812139,0.371475998518168,0.2,3,50,1000,1,1
0.0462884064230115,0.227735405853766,0.0488586868783234,0.392542671808994,-0.00965453996202839,0.382415787621536,0.3,3,50,1000,1,1
0.0321564496443941,0.226290727273111,0.0503486011350124,0.396520053727001,-0.0218713350844013,0.376112436804542,0.4,3,50,1000,1,1
0.0429690343106104,0.229428863873589,0.0881819767494462,0.414005182879391,-0.0667561857815317,0.37584863427225,0.5,3,50,1000,1,1
0.0376690606510345,0.226933712595231,0.0573901762401239,0.403424445695486,-0.0975847780404162,0.361388064883919,0.6,3,50,1000,1,1
0.0253698698917,0.230447643090252,0.0882991754911026,0.42331635298674,-0.122465311715993,0.325764268994506,0.7,3,50,1000,1,1
0.033704023604526,0.230012097936136,0.0569157757374794,0.423670334285193,-0.117954830224861,0.253313656097245,0.8,3,50,1000,1,1
0.0144366076685334,0.238981821372184,0.0938047628778316,0.478510287899305,-0.075441126159995,0.138558782194137,0.9,3,50,1000,1,1
0.0126296244941295,0.237785640406606,0.0210248218878025,0.357027913238942,0.00703129286307082,0.0337897133314772,-0.9,4,50,1000,1,1
0.0141168887970481,0.226955778906069,0.0153736468685621,0.343778783556825,0.0132276579686085,0.0624251638947338,-0.8,4,50,1000,1,1
0.0154877409063147,0.220384996432638,0.0195363500061201,0.335679838595247,0.0188410958194337,0.0901385971419486,-0.7,4,50,1000,1,1
-0.000732551055931587,0.214602464461045,0.00325907968726407,0.324302273000311,0.0337150760169438,0.118544469828152,-0.6,4,50,1000,1,1
0.0105638526731527,0.210930794235339,-0.00386963511024659,0.319681100902656,0.0428683773390759,0.145349682772005,-0.5,4,50,1000,1,1
0.0178418861638115,0.210108189704713,0.0221164315825354,0.326902235792258,0.0470309934457768,0.168750288290057,-0.4,4,50,1000,1,1
0.00981011312946162,0.205561532017797,0.0118332377908134,0.319932905558318,0.0444233860844609,0.191034033498829,-0.3,4,50,1000,1,1
0.0234149803075674,0.203757619427737,0.00568553356904089,0.317040501608942,0.0435800143092475,0.212048461295342,-0.2,4,50,1000,1,1
0.0146668491227849,0.202664263569101,0.0165276852275408,0.32001289574546,0.0394899312450802,0.231730547327629,-0.1,4,50,1000,1,1
0.0296692866692347,0.202776451542956,0.0314491233327216,0.325437001367129,0.0375601149618015,0.251289888279719,0,4,50,1000,1,1
0.0131179823457507,0.200335358862808,0.0122422963283563,0.319448248347479,0.0284243538041439,0.261087216221891,0.1,4,50,1000,1,1
0.0225135510986055,0.200792479817413,0.0205963850298839,0.323923715194217,0.0235805798222535,0.276348597690198,0.2,4,50,1000,1,1
0.029110714819564,0.201298402345333,0.0279486911768855,0.328489338243054,-0.00104735029893551,0.281410408031336,0.3,4,50,1000,1,1
0.0238715847504431,0.20152892417522,0.0399019063499653,0.334214206308555,-0.0245615715579106,0.281179558034312,0.4,4,50,1000,1,1
0.0231755932775152,0.201397460549607,0.0346233117773688,0.336872085159794,-0.0631391677271161,0.277259852407852,0.5,4,50,1000,1,1
0.0158353895175455,0.201418379022744,0.0159417870842035,0.334187988767696,-0.0831129283935201,0.265592872853127,0.6,4,50,1000,1,1
0.0219179413054473,0.203156348410651,0.0262082489309982,0.347483905772743,-0.0840604267340181,0.230520188905335,0.7,4,50,1000,1,1
0.0176586957068826,0.205396430953131,0.0206202934478058,0.357737622204012,-0.0833136527929736,0.182680551825149,0.8,4,50,1000,1,1
0.00910370490250399,0.213749525978001,0.0385439655937565,0.400939403217731,-0.0532171950703572,0.100811084483729,0.9,4,50,1000,1,1
0.039990854322486,0.254579391303634,0.0625743534581601,0.413037033587142,0.00688163573959887,0.0388774477170713,-0.9,3,60,1000,1,1
0.0238065459191675,0.236711284807497,0.0302413300448916,0.374274307768281,0.0153618727109911,0.0740919423321285,-0.8,3,60,1000,1,1
0.0266528567843717,0.228802767823705,0.0256801882682408,0.361115469583166,0.0250793788531319,0.107466643752539,-0.7,3,60,1000,1,1
0.0184814764131692,0.22277891318546,0.0290423823443628,0.356004005287378,0.0343151196364844,0.14042395081318,-0.6,3,60,1000,1,1
0.0150057174856152,0.219041879544253,0.0311137791402721,0.352602935721169,0.0462044922702084,0.176312303270116,-0.5,3,60,1000,1,1
0.0209478196777276,0.216293006070284,0.0573092688088338,0.358264480279041,0.0574364595249288,0.206084390275691,-0.4,3,60,1000,1,1
0.0219035527834388,0.212920528724018,0.0318455279327047,0.346709334839537,0.0623187180777007,0.234411987987934,-0.3,3,60,1000,1,1
0.0230621216840063,0.210485968929124,0.0391283669229455,0.347451128505615,0.0680293507021542,0.265733721381664,-0.2,3,60,1000,1,1
0.0346027990039875,0.207966440385307,0.0398187088850099,0.344914716818604,0.0683167617474589,0.287668233702474,-0.1,3,60,1000,1,1
0.0221911548529184,0.205106243703337,0.0188411862350773,0.338775154807634,0.0668175015851857,0.30877952823788,0,3,60,1000,1,1
0.0301736522452561,0.20622594342111,0.0486258974589027,0.351489123740811,0.0421460056633235,0.332277530975185,0.1,3,60,1000,1,1
0.0330785787140683,0.204087773937003,0.0282828023647622,0.343431810011962,0.0254527532841529,0.340321938997905,0.2,3,60,1000,1,1
0.03804613192348,0.205181820948465,0.0403278603652977,0.350155998788131,0.00610893231060933,0.338805018287801,0.3,3,60,1000,1,1
0.0281718114914873,0.203328360885251,0.0297370790190623,0.34866215091065,-0.0275869658405568,0.346598465082356,0.4,3,60,1000,1,1
0.0544811352515211,0.2045146973441,0.0439758956952783,0.353475968908823,-0.0738724220713771,0.332452211503105,0.5,3,60,1000,1,1
0.0321373383194386,0.205178477843706,0.0537906519921336,0.361135719919803,-0.0967228273143428,0.331680167772858,0.6,3,60,1000,1,1
0.0444718224713968,0.205962890448769,0.0531788712219741,0.365567090480388,-0.105308857105856,0.2784736643269,0.7,3,60,1000,1,1
0.033717110772451,0.208415744150398,0.0641275882381254,0.38075339606409,-0.108023614406825,0.223490908812417,0.8,3,60,1000,1,1
0.0360924118783105,0.216442745606057,0.0582423056981049,0.420569768866904,-0.0465066491668392,0.101593486115713,0.9,3,60,1000,1,1
0.0237248698890304,0.217402917758196,0.0151194562391311,0.323087366888176,0.00554743944425335,0.030297716590255,-0.9,4,60,1000,1,1
0.0046502172006634,0.204618248619671,0.00237309540358482,0.303865427290139,0.0140330814927693,0.0565969782553644,-0.8,4,60,1000,1,1
0.0209353860795309,0.199781158159533,-0.000624850536579113,0.29885993075945,0.0196863715678327,0.0815276145298447,-0.7,4,60,1000,1,1
0.0142119974152437,0.195383514815737,0.0083334189039594,0.295466096331662,0.0274156348266483,0.106219113041992,-0.6,4,60,1000,1,1
0.015242368401161,0.191530738671767,-0.0044923203631328,0.290342419924137,0.0311746748304071,0.130120061067631,-0.5,4,60,1000,1,1
0.0161489522073229,0.190034861633308,0.0147189436796632,0.292046618167043,0.0404250282802103,0.155303717774369,-0.4,4,60,1000,1,1
0.0292624727166907,0.188021882914222,0.014840649192578,0.29065824792889,0.0415605673492432,0.176355885869749,-0.3,4,60,1000,1,1
0.0081567322677937,0.186129275637746,0.0211418252040754,0.292948439071256,0.0399848212523012,0.196893733945122,-0.2,4,60,1000,1,1
0.0101577292283278,0.183213572038712,0.00292823898451174,0.285446232016337,0.0423256380608508,0.213681059648592,-0.1,4,60,1000,1,1
0.0244806527618825,0.183407859857405,0.0244199512236606,0.291367562274088,0.0441389669813795,0.226739022897672,0,4,60,1000,1,1
0.0341357194423455,0.184026361867472,0.0348692405518134,0.295373707990718,0.0303886411005968,0.241552305163573,0.1,4,60,1000,1,1
0.0132752648690331,0.181550194231994,0.0157945035006211,0.291920824904229,0.0154464031102781,0.251555766437048,0.2,4,60,1000,1,1
0.0222029982630296,0.180949956408118,0.0106820766996814,0.29075342962159,0.00269620284117812,0.253520561039561,0.3,4,60,1000,1,1
0.0203428842206125,0.181065154938078,0.00350221557469047,0.291242597274383,-0.00174755742718713,0.254563241364765,0.4,4,60,1000,1,1
0.0219737977204973,0.181738718752543,0.0155670520393862,0.298070873433676,-0.0506572365705794,0.252000760824416,0.5,4,60,1000,1,1
0.0231498288659162,0.183931677751157,0.033862213791104,0.307617219553109,-0.068863412845711,0.240299162802261,0.6,4,60,1000,1,1
0.0164836657620543,0.184606513955948,0.0351495851126377,0.31476777408887,-0.0817260734862552,0.211997266180258,0.7,4,60,1000,1,1
0.0151760115098936,0.187233355400308,0.0234257454913436,0.323025227685887,-0.080244859241818,0.166676998840093,0.8,4,60,1000,1,1
0.0143400163307249,0.195315228177895,0.0384561792185463,0.367955266895068,-0.0403399433226702,0.0824787234090089,0.9,4,60,1000,1,1
0.0149974973389926,0.231469359549652,0.0401943482443185,0.369395045192698,0.00512919705850535,0.0350879446848231,-0.9,3,70,1000,1,1
0.00867425796935639,0.217685435459992,0.0297707741989633,0.344676999862484,0.0120515668803969,0.0667653995383939,-0.8,3,70,1000,1,1
0.0295090437261285,0.212016800279474,0.0394147132899217,0.336152831213604,0.0207689813527946,0.0978894904762855,-0.7,3,70,1000,1,1
0.0183365665368898,0.206010029843257,0.0488529101308858,0.33294208152691,0.0218346099858676,0.125736098063992,-0.6,3,70,1000,1,1
0.0252417485881227,0.201474925618084,0.0280741445988294,0.321036597881215,0.0333342132150514,0.157831223178534,-0.5,3,70,1000,1,1
0.0117684307481998,0.196721927962639,0.0206117043082498,0.314196273174592,0.0484734627550724,0.186698759636618,-0.4,3,70,1000,1,1
0.017748264663911,0.195312476855437,0.0353955621644856,0.316266027983348,0.0505378027645694,0.213785278488205,-0.3,3,70,1000,1,1
0.0176241753175743,0.19268908089624,0.0301652154487855,0.313545245897146,0.0571080336957561,0.240635951434227,-0.2,3,70,1000,1,1
0.0280425451990726,0.193063266728385,0.0466379620755371,0.32009829476916,0.0553629066909032,0.268125778186889,-0.1,3,70,1000,1,1
0.0231308634537451,0.189876787229666,0.0212914920084595,0.311844823103122,0.0496960759529776,0.285279236136168,0,3,70,1000,1,1
0.029818478545807,0.191051077034787,0.049796193773034,0.321039490118496,0.0243875097460545,0.300362839005943,0.1,3,70,1000,1,1
0.0220386759342786,0.187340566593355,0.0440495607046032,0.318922754095906,0.0230806688520857,0.310723499992475,0.2,3,70,1000,1,1
0.0256936826292899,0.188452969405975,0.0499482243874127,0.324699129392428,-0.0227067246947959,0.318181745489165,0.3,3,70,1000,1,1
0.023413760567759,0.186658991855962,0.0333089235907072,0.321049215784357,-0.0161197611790902,0.321548377144985,0.4,3,70,1000,1,1
0.0334312052234542,0.187528525847587,0.0439825950031942,0.325228608230218,-0.0554500981077556,0.316536089453417,0.5,3,70,1000,1,1
0.0290479305719223,0.18792414886342,0.0437189465738926,0.329517742636013,-0.0745393017670562,0.290519651014905,0.6,3,70,1000,1,1
0.02371589329748,0.186752510758611,0.0302838579857687,0.328382078225141,-0.0923370333648676,0.254058451219154,0.7,3,70,1000,1,1
0.0263796873882077,0.191528414036182,0.0687517207230783,0.351880583115996,-0.0845238022971822,0.193413049112648,0.8,3,70,1000,1,1
0.0109402846083077,0.19824121261786,0.0623580927978822,0.385954274035238,-0.0389222015186301,0.0886250322645112,0.9,3,70,1000,1,1
-0.00571835706806008,0.19906288677107,0.0112484200287537,0.296004456070279,0.00622982598489345,0.0281589412774436,-0.9,4,70,1000,1,1
0.000436462151796363,0.190065491703694,0.0135560771634882,0.28543878626046,0.00905965095889093,0.0510348222237961,-0.8,4,70,1000,1,1
0.0123111137561095,0.184065520047842,0.0061528904437886,0.276761270859482,0.0172354004152415,0.0742820848156868,-0.7,4,70,1000,1,1
0.000352940076081325,0.180201005448719,0.0196506173255316,0.277465619470832,0.0182639090308947,0.0963953281548181,-0.6,4,70,1000,1,1
0.0110406209981921,0.176999689766598,0.0028798825762259,0.269075782718956,0.0286270763510595,0.119986668540687,-0.5,4,70,1000,1,1
0.0111995180635768,0.174903838757217,0.0131742397146597,0.270008080645882,0.0308740437905706,0.141129902030417,-0.4,4,70,1000,1,1
0.00440077494945443,0.172590367907153,-0.00156971521282353,0.26408607680901,0.036727656694282,0.160721735789206,-0.3,4,70,1000,1,1
0.0178101712976283,0.171498172571848,0.0128688854806257,0.266411390625008,0.0314731924591474,0.180259137150754,-0.2,4,70,1000,1,1
0.0157519109996448,0.169819874200898,0.0158948238191666,0.266697870077903,0.0527482922407986,0.199202637123049,-0.1,4,70,1000,1,1
0.0143597296793444,0.169570026525554,0.0218073456073329,0.267963346049296,0.0274035894132009,0.208865359931273,0,4,70,1000,1,1
0.0219095089556169,0.1681568676451,0.0124626311075306,0.266575101434726,0.0402935645275323,0.221969101316713,0.1,4,70,1000,1,1
0.01909247816387,0.167490616451717,0.0150687897330726,0.267311339166731,0.0129003794198061,0.229543715201811,0.2,4,70,1000,1,1
0.0257375178230507,0.167768542603125,0.0247008290837816,0.27164803422919,-0.00173527455920023,0.237542058926438,0.3,4,70,1000,1,1
0.0106029314087283,0.166842834907913,0.00714237343877435,0.267763439113614,-0.0293102169134069,0.241012017190756,0.4,4,70,1000,1,1
0.0137406592720249,0.167274415396538,0.0157809778162118,0.273022275081971,-0.0464312770741744,0.234942308318935,0.5,4,70,1000,1,1
0.0207386444980079,0.168260961141635,0.00850398074082267,0.275600158378642,-0.0618812901375765,0.219450861710606,0.6,4,70,1000,1,1
0.0247899852600097,0.170447465789199,0.0282270563186417,0.286229064330614,-0.080267088079623,0.199807598237946,0.7,4,70,1000,1,1
-0.00137244737344762,0.173284154701594,0.0394357894545878,0.302118458771579,-0.0714517535675441,0.150419759356187,0.8,4,70,1000,1,1
-0.00513671103440418,0.180180599762185,0.0364244953675741,0.338778553245115,-0.0345445491490046,0.0726984634818361,0.9,4,70,1000,1,1
0.0200439378347009,0.21333420317485,0.0270602855752624,0.334961019430864,0.00568246833090817,0.0325897594033372,-0.9,3,80,1000,1,1
0.00762349053205239,0.201464757781308,0.0337875430380267,0.318338330693002,0.010781779615891,0.0616841339651181,-0.8,3,80,1000,1,1
0.0162671268520761,0.19440808878965,0.0139136606661186,0.302993902616698,0.0177723850816014,0.089972570871672,-0.7,3,80,1000,1,1
0.00981589860286948,0.18963104825411,0.02979304836026,0.301883902961,0.0283687806555581,0.118903781632757,-0.6,3,80,1000,1,1
0.0179561483962886,0.187646343028067,0.0285842396057728,0.2972865793272,0.0276753342977527,0.144028446336494,-0.5,3,80,1000,1,1
0.0174274003188157,0.182873782611445,0.0178333609232104,0.290796229918708,0.0422856089022515,0.174547276810842,-0.4,3,80,1000,1,1
0.00838993398039496,0.18038642734867,0.025465699130183,0.291832339363086,0.059776511036324,0.201668327820097,-0.3,3,80,1000,1,1
0.0185772740778515,0.178315568955661,0.0251792079815369,0.289246919694159,0.0523458012931177,0.223808289990526,-0.2,3,80,1000,1,1
0.01320469040239,0.176896210370222,0.0219117194857914,0.288374202087126,0.0402268097099744,0.244431261023091,-0.1,3,80,1000,1,1
0.0182177273506782,0.175418264369757,0.0146950327499167,0.287739779434531,0.0667471572365427,0.267180002125582,0,3,80,1000,1,1
0.0272822131569096,0.174679619337815,0.0211274694704139,0.288127623015771,0.0508613121108539,0.276854628370366,0.1,3,80,1000,1,1
0.0289407345434859,0.174205150018291,0.0319048827892758,0.292440734933193,0.0286326790735746,0.295074442747953,0.2,3,80,1000,1,1
0.031880639715209,0.173966480371269,0.0261223409596383,0.292421983642805,-0.00676055894301074,0.297391846651697,0.3,3,80,1000,1,1
0.0299964678949623,0.174221130855295,0.0411004430416113,0.297178616760536,-0.0333124245467299,0.303692243199633,0.4,3,80,1000,1,1
0.0380127183403329,0.174217399195591,0.048737851598487,0.302239927294999,-0.0479761550283719,0.288349166214498,0.5,3,80,1000,1,1
0.0376684311514284,0.174406738003048,0.0543532041167164,0.305912706464009,-0.0799060037603301,0.276558273510946,0.6,3,80,1000,1,1
0.0372519077657057,0.175658395415671,0.0573855273057809,0.312310155193398,-0.0951664179936804,0.238169653477964,0.7,3,80,1000,1,1
0.0188832270636021,0.176512682199577,0.0429227079658595,0.317968572134211,-0.0783804479181721,0.17150372987165,0.8,3,80,1000,1,1
0.0150144293589672,0.184168261609081,0.0608905229303,0.354926347912204,-0.0341714147799352,0.0786147582161733,0.9,3,80,1000,1,1
0.00453821109565947,0.184782723035748,0.016377649104007,0.276688936432848,0.0044515268753667,0.0257798087247612,-0.9,4,80,1000,1,1
0.0127128227475599,0.17779163557808,0.0119449081595027,0.265193241422901,0.00682988154876329,0.0473049925866099,-0.8,4,80,1000,1,1
0.00802500565630951,0.171743855166379,0.00429049954812217,0.257153810851609,0.0103785093308349,0.067569713484332,-0.7,4,80,1000,1,1
0.000766539054034736,0.167024544743737,-0.0103857491875559,0.249127640868434,0.0197529749123811,0.0897263808110315,-0.6,4,80,1000,1,1
0.00982114566004231,0.166302275833181,0.0169897129224158,0.253284980648085,0.0270594736339875,0.110914717050453,-0.5,4,80,1000,1,1
0.0156830812112725,0.162983796320617,0.000147388729770039,0.247262783200968,0.0304736557180524,0.131522568839456,-0.4,4,80,1000,1,1
0.0144563730037451,0.160854504454938,0.00419601051853743,0.246200742595303,0.0304778401861598,0.149762271370383,-0.3,4,80,1000,1,1
0.0162874764434443,0.160260005600234,0.0240071889103427,0.250874105345472,0.0306293543149778,0.168686654678222,-0.2,4,80,1000,1,1
0.0069502583170138,0.158385914794586,0.0123852655957663,0.245929281342524,0.0339467885440268,0.18249341762274,-0.1,4,80,1000,1,1
-0.00112852908549018,0.156182769024751,-0.000439527729158183,0.243167069266801,0.0548019465264668,0.198413709424789,0,4,80,1000,1,1
0.0180634987223777,0.157362111533561,0.0209942279142517,0.24833377957421,0.018092421727336,0.205866229653539,0.1,4,80,1000,1,1
0.0194939743084216,0.156177759251653,0.0109415983451201,0.246736510268385,0.0114195719286838,0.215889586369917,0.2,4,80,1000,1,1
0.00943916110043396,0.15537542114795,0.00714134848209908,0.247033338085138,-0.00013296127852564,0.22164980054715,0.3,4,80,1000,1,1
0.0163247805200429,0.155771303149061,0.0116927502307628,0.250769933750732,-0.0182676825720415,0.223864995463614,0.4,4,80,1000,1,1
0.0206605264144317,0.156340931743308,0.0156665587184455,0.255171135212853,-0.0426259399368021,0.220713879767182,0.5,4,80,1000,1,1
0.0116860264509098,0.156857006190537,0.00868204611759479,0.256897127195987,-0.0549246206193403,0.207127304414428,0.6,4,80,1000,1,1
0.0129201902464546,0.15940606771961,0.0373984358073064,0.271141089047585,-0.0589611635662076,0.180425569533217,0.7,4,80,1000,1,1
0.0095003968762116,0.160370271657183,0.0105475476855584,0.273026286258581,-0.0643984129197415,0.139613867086761,0.8,4,80,1000,1,1
0.00954158338519995,0.16781373480773,0.0177988026615761,0.31130623577853,-0.0277078980770439,0.0638679793361177,0.9,4,80,1000,1,1
0.0162983523556566,0.200422837837854,0.0254649879258918,0.314135347428338,0.00453748380228088,0.0302886608825532,-0.9,3,90,1000,1,1
0.020747907499339,0.18994763919021,0.0294007154235362,0.296579828507844,0.00871433541783494,0.0572917961353071,-0.8,3,90,1000,1,1
0.00896675189748074,0.181176569239198,0.0135577469542117,0.281589358197007,0.0186556117033096,0.0842654602178062,-0.7,3,90,1000,1,1
0.018861095791519,0.178380936986991,0.0239977709467389,0.280305607372031,0.0195955897534561,0.108877756830931,-0.6,3,90,1000,1,1
0.0227001173527481,0.175515266318266,0.0306508601482976,0.277523855932966,0.0295047096307025,0.135504443423063,-0.5,3,90,1000,1,1
0.0235809519347319,0.172450634234509,0.0184757767207747,0.271858653271968,0.0247248085318115,0.157866928605356,-0.4,3,90,1000,1,1
0.0118566924016702,0.169754980940886,0.0247767721386043,0.272621609211897,0.0469577605598222,0.186772774817994,-0.3,3,90,1000,1,1
0.00859131227353164,0.166638454055342,0.0141539118376685,0.267117307550074,0.0477221509973235,0.209028592253436,-0.2,3,90,1000,1,1
0.0190310662460792,0.16495293304382,0.00386912537055558,0.264980784731363,0.0536712727479162,0.23032229230629,-0.1,3,90,1000,1,1
0.0281709092887791,0.166256218069044,0.0363047161085627,0.274917010100162,0.0375636072754513,0.250065616376326,0,3,90,1000,1,1
0.0144715911246087,0.16282049009964,0.0154391003692729,0.268624422956104,0.0413380385445389,0.264451493777533,0.1,3,90,1000,1,1
0.021281920701974,0.162305988894389,0.0153734858312544,0.269647593910197,0.0258493681930867,0.277438547574216,0.2,3,90,1000,1,1
0.0203225629740569,0.161631224221233,0.0108965361365161,0.269392032775094,0.000453518951205938,0.276550570828989,0.3,3,90,1000,1,1
0.0300242884819622,0.162150194889699,0.0256574880531666,0.274763857771094,-0.023798771739763,0.282939545613869,0.4,3,90,1000,1,1
0.0279298469522624,0.162269772366457,0.03215176193586,0.278004393608472,-0.0420624061470092,0.269580512768017,0.5,3,90,1000,1,1
0.0275461417501832,0.162615263511613,0.041319132597718,0.283254630459711,-0.0654534049890805,0.257282170027157,0.6,3,90,1000,1,1
0.0233540257153413,0.163216425555876,0.0351739087359244,0.285492548827891,-0.0781765032197909,0.215535899412279,0.7,3,90,1000,1,1
0.0167411133491955,0.165484575246225,0.0356702548214231,0.29671760112937,-0.0638262739389618,0.154485659043687,0.8,3,90,1000,1,1
0.0065281120652491,0.17301579313104,0.0642671171371991,0.336304268750687,-0.0272483681253683,0.0676355388458996,0.9,3,90,1000,1,1
0.0104083702270994,0.174648022578214,0.0162137117550931,0.259449784203784,0.00446266317579622,0.0242257245984222,-0.9,4,90,1000,1,1
0.0139145610312721,0.166981539815898,0.0087686211345665,0.248258794588592,0.00730390928154555,0.0443916141827949,-0.8,4,90,1000,1,1
0.0113705274348494,0.162038670782513,0.00995123299532163,0.243011404495628,0.00885243411206286,0.0635494512390098,-0.7,4,90,1000,1,1
0.0139967251298629,0.158404709567572,0.00738661844087129,0.23869829888411,0.0157193473130608,0.0832202632744662,-0.6,4,90,1000,1,1
0.00400827362302129,0.155725076050381,0.0142455183567616,0.23815665421208,0.0243730965529968,0.105089069765044,-0.5,4,90,1000,1,1
0.0174946035411631,0.154038847739835,0.0116386681694828,0.235101456712712,0.0230243306035677,0.122972024313755,-0.4,4,90,1000,1,1
0.0158278803862768,0.152226739586581,0.0199854016285382,0.235741681051222,0.0253918415619378,0.140946619039749,-0.3,4,90,1000,1,1
0.00868893378157254,0.150189457281929,0.011730252312763,0.231671696786603,0.0358519620287788,0.158611264056947,-0.2,4,90,1000,1,1
0.0100530575920799,0.149060057031557,0.0174404734048674,0.231890676941178,0.0383610984145616,0.172161024596321,-0.1,4,90,1000,1,1
0.00960260192149186,0.14834865414302,0.019783164919717,0.233248283370042,0.016537893644323,0.185306113288233,0,4,90,1000,1,1
0.00989786108928121,0.147595200337817,0.0178527587963461,0.232914302103543,0.0130521377520944,0.193740036483325,0.1,4,90,1000,1,1
0.0187707794000532,0.147112641265328,0.0154291197918169,0.233449512915667,0.0216730837072121,0.206098937832006,0.2,4,90,1000,1,1
0.0137607804204827,0.146638327213398,0.0120912139679077,0.234033378511289,0.0105899370466712,0.209587189027241,0.3,4,90,1000,1,1
0.00989698912192058,0.145803354673605,-0.000817534003143717,0.230894521168892,-0.0214019780170023,0.211567410374562,0.4,4,90,1000,1,1
0.024708374114268,0.147548779724863,0.0220816703190279,0.240157387727095,-0.03804731008362,0.209028778686298,0.5,4,90,1000,1,1
0.0152805288984384,0.146931902626616,0.00234523964663825,0.238250130078588,-0.0516978156068421,0.1988718966468,0.6,4,90,1000,1,1
0.00559978529207426,0.149120556585031,0.0174901366532761,0.248943936771931,-0.0570702175248282,0.168566492631804,0.7,4,90,1000,1,1
0.0102917699722649,0.151361187687485,0.0116403153739702,0.260481119724007,-0.0395725969494922,0.1204674481683,0.8,4,90,1000,1,1
0.000573063602187619,0.157142015096562,0.00873192357001778,0.289955781283384,-0.0201679334891889,0.0552100392132574,0.9,4,90,1000,1,1
0.0121185972711163,0.188854023469485,0.0283155587023227,0.296166180803128,0.00378814814275178,0.0284208409924019,-0.9,3,100,1000,1,1
0.0151224883476592,0.179726541825246,0.0344860133111235,0.282891148856462,0.00599167278225963,0.053508807168963,-0.8,3,100,1000,1,1
0.00292629102347445,0.171604474481121,0.00800440037438832,0.265216649750046,0.0133459671122886,0.078237645510461,-0.7,3,100,1000,1,1
0.0143200748002437,0.167810748955008,0.0125711172767008,0.261275133955169,0.0208331479152729,0.103419938268979,-0.6,3,100,1000,1,1
0.0206787863684801,0.165387933702365,0.0234758819125979,0.262014703299843,0.0192694398293103,0.125177372536877,-0.5,3,100,1000,1,1
0.0134273951555862,0.162708215235881,0.0302207824421301,0.258368912699247,0.0290876968830889,0.149241568103078,-0.4,3,100,1000,1,1
0.0110609022803587,0.159464686186625,0.00898106390624207,0.252197502406769,0.0408968774685464,0.17469860558362,-0.3,3,100,1000,1,1
0.0178036447567993,0.159772908469346,0.0363049794696713,0.259438835591661,0.0385561167597851,0.195227755319543,-0.2,3,100,1000,1,1
0.0203414161701782,0.1565893492497,0.0126793064607666,0.251209280511769,0.0572163502381661,0.219909718514753,-0.1,3,100,1000,1,1
0.0231363229974094,0.156231818287073,0.0290904844352876,0.257088845482133,0.0500935952666075,0.232634626498716,0,3,100,1000,1,1
0.0197810356223222,0.155380325077335,0.0242949465215882,0.256407616992638,0.0296420041138878,0.251180059626147,0.1,3,100,1000,1,1
0.0213606523924152,0.153414042789482,0.0144722640076744,0.253383339295274,0.0265808161035817,0.259788957381198,0.2,3,100,1000,1,1
0.026966960651923,0.152738992293586,0.0154808068054564,0.254352023923841,0.0115171983574275,0.267059996978283,0.3,3,100,1000,1,1
0.023522615140907,0.15283141486162,0.0294211812790965,0.259639729824316,-0.0259783597668257,0.26488423909736,0.4,3,100,1000,1,1
0.0378057033944725,0.153933842753985,0.0370566566476394,0.263338594143141,-0.0564698072460186,0.264093666023209,0.5,3,100,1000,1,1
0.0226775762098299,0.153698004464626,0.0431158911270481,0.267123770040466,-0.0779274862012653,0.242695302102258,0.6,3,100,1000,1,1
0.0100043933472423,0.153479825101483,0.0340799630697317,0.26961905483573,-0.0687908944361742,0.207815536020461,0.7,3,100,1000,1,1
0.0287916890478572,0.156498406670521,0.0437660281638027,0.28068096099042,-0.0561804118923372,0.142417984593058,0.8,3,100,1000,1,1
0.00881220240881113,0.161665129948949,0.0232811108275779,0.305849128319431,-0.0244716978791167,0.0621311593526981,0.9,3,100,1000,1,1
0.00452966095025723,0.164853862625197,0.00322796540073654,0.243051373584509,0.00393311201255129,0.0228378668224711,-0.9,4,100,1000,1,1
0.00817550736498087,0.157912587085781,0.00863378685079409,0.234088655072465,0.00526599593727977,0.0416792767020901,-0.8,4,100,1000,1,1
0.00196386395060688,0.152567096983003,-0.00291194571732056,0.226819523545151,0.0125589490939434,0.0605384190199245,-0.7,4,100,1000,1,1
0.0133636446811443,0.150356421062955,0.00761981563811339,0.226069283568033,0.0133256655375351,0.0787577387532313,-0.6,4,100,1000,1,1
0.00667306230882244,0.147973001452008,0.0179651436020861,0.225987573882526,0.0150359109312168,0.0969682745435688,-0.5,4,100,1000,1,1
0.00846181624081208,0.145226719360426,0.0103899574545802,0.222541484235766,0.0249944708022612,0.116126626199029,-0.4,4,100,1000,1,1
0.00737207058903025,0.144547135881754,0.0268572641449722,0.224417971877876,0.0276926173301098,0.134175814605397,-0.3,4,100,1000,1,1
0.00928985067641188,0.141520692535846,-0.0013190252918781,0.21663239284436,0.0309854474431013,0.149137557348062,-0.2,4,100,1000,1,1
0.0161005983971231,0.141065622376668,0.00980834067820066,0.218075921799705,0.019008608356904,0.16166754454152,-0.1,4,100,1000,1,1
0.0109741196287529,0.139277748134651,-0.00583612529143009,0.214223660480106,0.0298923333180613,0.175991869463489,0,4,100,1000,1,1
0.0190063775881731,0.140006552093835,0.0160790738906684,0.219091693127986,0.00729184705884497,0.183875654726735,0.1,4,100,1000,1,1
0.0144825706470374,0.138812214849988,0.0108600665629356,0.217797893784976,0.00727211301707789,0.194556746585922,0.2,4,100,1000,1,1
0.0196378877822183,0.138329236823709,0.0092030539227437,0.219707482440684,-0.00204448836553134,0.198416272669093,0.3,4,100,1000,1,1
0.0190892173986058,0.139032057726992,0.0161491790667283,0.223261580039797,-0.0244749571593865,0.201062515221101,0.4,4,100,1000,1,1
0.0161831197819145,0.138770571667254,0.00697139511127388,0.222601339955833,-0.0475070288229711,0.199380134445299,0.5,4,100,1000,1,1
0.0121732106615342,0.139438045436602,0.00100350139977725,0.226218058142539,-0.0407631271474868,0.185029923545918,0.6,4,100,1000,1,1
-0.000950000954008247,0.140696968067381,0.0113386661304676,0.234130227312589,-0.0518813890143848,0.158669968922863,0.7,4,100,1000,1,1
0.00534754552543956,0.143311959514529,0.0147437215503236,0.244420209520611,-0.0463437383635019,0.117165213846948,0.8,4,100,1000,1,1
0.00847259077780248,0.150085026611938,0.0297723230693115,0.278653452986902,-0.0248333463363328,0.0544181046091577,0.9,4,100,1000,1,1
0.0130034620418323,0.166475477934432,0.0109627851538461,0.256150180839954,0.00297942713384795,0.0248269371476463,-0.9,3,125,1000,1,1
0.00428699300848873,0.157930865551434,0.0136255077015377,0.244256093955875,0.00695826407072946,0.0475217080159493,-0.8,3,125,1000,1,1
-0.000936554040703346,0.151446805489805,0.00500226938291209,0.233736891135228,0.012259943045681,0.0689808539279756,-0.7,3,125,1000,1,1
0.00115191925569881,0.148641912944662,0.0213775434935438,0.232873215162435,0.0169898472153853,0.0904476512835339,-0.6,3,125,1000,1,1
0.0103506412151676,0.146118146343055,0.00802457133163275,0.226725285401997,0.0214238825135406,0.111366905431651,-0.5,3,125,1000,1,1
0.00942008578117531,0.143291081621125,0.00917870528034774,0.224996750157579,0.0286684608797152,0.13287116354485,-0.4,3,125,1000,1,1
0.0138484257430683,0.141891203635941,0.0158317993083372,0.225216445136099,0.0295493683957296,0.153348852318808,-0.3,3,125,1000,1,1
0.00886980431392216,0.140133267964537,0.0175181887339795,0.224693606355459,0.037989556173637,0.174087461618795,-0.2,3,125,1000,1,1
0.00833296433162139,0.138733678561405,0.00848045343953066,0.222217236255999,0.0362149082502874,0.191735241543384,-0.1,3,125,1000,1,1
0.0110190600540344,0.137880901829347,0.0163658991331065,0.22409956063739,0.0384185456130598,0.212420653781912,0,3,125,1000,1,1
0.00934079659510413,0.136816781477076,0.0167670926790064,0.224512395405792,0.0236193837186049,0.22449348112116,0.1,3,125,1000,1,1
0.00269569314018398,0.135527526452684,0.0127966790351339,0.224372868055118,0.0252839323851327,0.233425875625767,0.2,3,125,1000,1,1
0.0164483006567036,0.134715050856427,-0.00213048264881959,0.222322434971096,0.0165467928624712,0.240397900132025,0.3,3,125,1000,1,1
0.0168808658078094,0.135776696930495,0.0268748304295265,0.22932512571448,-0.0209953478771195,0.240356029290854,0.4,3,125,1000,1,1
0.0162799235125326,0.136264310678217,0.0337242386953588,0.23204905580099,-0.0452093266416488,0.232385889130886,0.5,3,125,1000,1,1
0.0303284564407332,0.13680188906155,0.0416855135750532,0.236029266339373,-0.061682265598784,0.215963183538685,0.6,3,125,1000,1,1
0.018487287671037,0.136023683882579,0.0294363258574614,0.236537420259666,-0.0599661167445243,0.177503970353479,0.7,3,125,1000,1,1
0.0126044629964219,0.138283123976817,0.0286658002586636,0.245119401825982,-0.0479960623296583,0.125347902056016,0.8,3,125,1000,1,1
0.0081961002804375,0.142833673679764,0.0170473218129191,0.26695585048458,-0.0205393505794075,0.0517877882845802,0.9,3,125,1000,1,1
0.0107296239474284,0.147375541983905,0.00585476518147593,0.216293604154059,0.00286919904657039,0.0201895859151289,-0.9,4,125,1000,1,1
0.00339628335775855,0.139968601283595,-0.00638117098677535,0.204621972967506,0.00529256181201377,0.0370187618379626,-0.8,4,125,1000,1,1
0.00282405008788671,0.135906333166781,-0.00425675420776236,0.201856744287408,0.00922992350777553,0.0537084234782574,-0.7,4,125,1000,1,1
0.00814734065094705,0.133684579295724,0.00322318924581844,0.200523660641623,0.0123188955806748,0.0701721317186633,-0.6,4,125,1000,1,1
-0.00120357356514447,0.131498197879528,0.00615929199655492,0.199237759701582,0.015179408896334,0.0866783655275693,-0.5,4,125,1000,1,1
0.0106141941805211,0.129684018257804,0.00530817612623482,0.197126314788328,0.0154403486539787,0.10248286962785,-0.4,4,125,1000,1,1
0.00969091205881358,0.128473480710335,0.0112495241752968,0.196905872852929,0.0150343113863897,0.118435679973559,-0.3,4,125,1000,1,1
0.00545591361350249,0.126673413319201,0.00788463856597518,0.195305605976779,0.0238627501556131,0.13300760634376,-0.2,4,125,1000,1,1
0.0119917080930067,0.126261438805114,0.0160549736583971,0.195233294658024,0.0127778922731238,0.144156897023902,-0.1,4,125,1000,1,1
0.000784048517414291,0.124248921364324,-0.00218788343143033,0.191348164394939,0.0228181906684178,0.154827735157695,0,4,125,1000,1,1
0.0111024926837253,0.124122573411662,0.0147106528749053,0.194567502270914,0.0141338960977256,0.165671405208688,0.1,4,125,1000,1,1
0.0134162154032867,0.123583261703328,0.00646646889854159,0.193880146753512,0.0158606675347424,0.175539836528701,0.2,4,125,1000,1,1
0.0183029996854179,0.123655758283889,0.0138522091337252,0.195627046853767,-0.00933138285583722,0.18080096269016,0.3,4,125,1000,1,1
0.0125762514373034,0.123941566073921,0.0206776938427341,0.198982543467752,-0.00866035029595897,0.182142118224511,0.4,4,125,1000,1,1
0.0154543081162568,0.123617475908683,0.00272104680903365,0.197349388250358,-0.0278320567741278,0.181360077607657,0.5,4,125,1000,1,1
0.00349506544587516,0.123793318450994,0.00100879471414694,0.200976387209933,-0.034860174670941,0.165162220181608,0.6,4,125,1000,1,1
0.00687490263787547,0.125682117471797,0.00822563442612568,0.207395852307003,-0.0407132327478,0.141148860157836,0.7,4,125,1000,1,1
-0.00254222353299806,0.126969366622726,-0.00609601755217952,0.214463459588377,-0.0379120620140423,0.100085805714956,0.8,4,125,1000,1,1
0.00365822201046973,0.132816353821948,0.0124760214319348,0.245223026083579,-0.0153571721215635,0.0435732272715011,0.9,4,125,1000,1,1
0.00767486843477773,0.150502647585586,0.00418660710849634,0.230075158569594,0.0028410666104898,0.0223824833742993,-0.9,3,150,1000,1,1
0.0159970629165855,0.144502450370771,0.025767430565738,0.224082496822896,0.00510022534941155,0.0427159879815315,-0.8,3,150,1000,1,1
0.00541135898861268,0.138522732492042,0.00806342104707488,0.213689024014251,0.00851015394257636,0.062207535754372,-0.7,3,150,1000,1,1
0.010787406287604,0.135998687051705,0.0208793999935636,0.21167934012318,0.00929320375119143,0.0806038805059569,-0.6,3,150,1000,1,1
0.011836492211539,0.132985072153301,0.0122873794873487,0.206892203720359,0.0179558748547616,0.100911500028198,-0.5,3,150,1000,1,1
0.0129435682173675,0.130314807701314,0.00460356909613328,0.203136853345016,0.0178937140140427,0.118497959996591,-0.4,3,150,1000,1,1
0.00279525169760376,0.129050450543126,0.0185674173083397,0.205003005672281,0.0186661289154068,0.137378549943568,-0.3,3,150,1000,1,1
0.00566441879620283,0.126977207045559,0.00950528631270956,0.201914415903546,0.0306436373540321,0.156573293966124,-0.2,3,150,1000,1,1
0.00863602314398768,0.126610671930514,0.0189424487094762,0.202823347274615,0.0218501495006872,0.172504217616668,-0.1,3,150,1000,1,1
0.0106692909288483,0.125235861021303,0.0134739407247725,0.20252167917786,0.0309705699301156,0.189669422866348,0,3,150,1000,1,1
0.0149736543157954,0.124509947606195,0.0135640723397386,0.202944296693855,0.0295928695676338,0.20428264603538,0.1,3,150,1000,1,1
0.0176187679965211,0.124349516607173,0.0234074951145603,0.20486117762073,0.0055730264081312,0.213862737554882,0.2,3,150,1000,1,1
0.0187089552882657,0.122907184005476,0.0194526514457623,0.205087695429193,0.00483698425559644,0.217691241173085,0.3,3,150,1000,1,1
0.0129986655134212,0.122875054900388,0.0220780069816167,0.207057806015032,-0.0150244853458841,0.220972591200152,0.4,3,150,1000,1,1
0.0212381458962766,0.123154206322823,0.0231759884156602,0.208435602848768,-0.0280665962237947,0.21337762502733,0.5,3,150,1000,1,1
0.0259028474478031,0.123006884770124,0.0286827699278083,0.211001008850517,-0.0359117561944575,0.190495757976497,0.6,3,150,1000,1,1
0.0205669075724891,0.124217150474613,0.038048947473914,0.215633438127032,-0.0536742760513667,0.161404456148875,0.7,3,150,1000,1,1
0.0115437238683775,0.125338657790118,0.0238522805339065,0.220383350503849,-0.0431959065598249,0.107743525730248,0.8,3,150,1000,1,1
0.00623999068117418,0.130056618823158,0.00909853762095397,0.241918115158832,-0.0139398361318243,0.0436491315389853,0.9,3,150,1000,1,1
0.0101152742569876,0.133864403818972,0.00691095132391919,0.196978048487696,0.00177182234121633,0.0181157935912947,-0.9,4,150,1000,1,1
0.00178066175578391,0.128563932352933,0.0123355090980897,0.190479040168841,0.00315169996194868,0.0336631535699805,-0.8,4,150,1000,1,1
0.00062579063917517,0.125211217862876,0.0208118555103401,0.188588983856678,0.00421438189619785,0.0483928816060207,-0.7,4,150,1000,1,1
-0.00494478725945538,0.121237704972561,-0.00131835725323994,0.181124805685322,0.0126208798368053,0.0636114634752147,-0.6,4,150,1000,1,1
-0.000153748109820197,0.120035521206387,0.00923726476187967,0.181352326905621,0.00612728277201255,0.0776401423578782,-0.5,4,150,1000,1,1
0.0113673298949577,0.118432782422361,0.00672073803157316,0.179466852867473,0.0113009419585952,0.0929764530937327,-0.4,4,150,1000,1,1
0.00863768640305994,0.116898854569628,0.0103494100557485,0.178268887029062,0.01432469615681,0.107354692604939,-0.3,4,150,1000,1,1
0.000841574632335297,0.115773973790587,0.0187659260717111,0.178831122373622,0.0200364449371733,0.120849628260576,-0.2,4,150,1000,1,1
0.00768280545671631,0.114642287629974,0.0163429989668842,0.177645641286302,0.0140323053816966,0.132007706581069,-0.1,4,150,1000,1,1
0.00672883079556831,0.113779709029962,0.0115890693761218,0.176617532345144,0.0119310523184111,0.142154346210804,0,4,150,1000,1,1
0.00372703349472911,0.113070110735217,0.0148850397293126,0.176761064103003,0.0166180816899945,0.151113782151862,0.1,4,150,1000,1,1
0.0109430428327591,0.112600564313875,0.00725774040295984,0.176054365037843,0.0143401616770835,0.159592890956004,0.2,4,150,1000,1,1
0.0125403580962207,0.111910801440868,0.00214111525370036,0.175874273271169,-0.00682862550427139,0.163538041813606,0.3,4,150,1000,1,1
0.0155030518506362,0.111979211265357,0.00151377986333717,0.177066034386256,-0.00738207247186906,0.166632469456488,0.4,4,150,1000,1,1
0.0031925490056896,0.112902464053559,0.0185212497391534,0.182415107626847,-0.0234695809449169,0.163395939445042,0.5,4,150,1000,1,1
0.00946603869529494,0.113058040006661,0.00907244983001087,0.183809246775031,-0.0331372712949174,0.151615086314766,0.6,4,150,1000,1,1
0.00787597294733926,0.1141916672186,0.00646541061247966,0.188102430809667,-0.0411644161754016,0.129176846124002,0.7,4,150,1000,1,1
0.00357163230959781,0.116788733894796,0.0177334938620371,0.198882560214392,-0.0326982128875857,0.0895095061382248,0.8,4,150,1000,1,1
0.0018894823674775,0.120996564513065,0.0073879936582635,0.222276899266853,-0.0130467700107497,0.0385219481500559,0.9,4,150,1000,1,1
0.00196535976483696,0.130175663522118,0.0175700114789781,0.200617780897578,0.00157647875632095,0.0190920918319284,-0.9,3,200,1000,1,1
0.00353734990017441,0.123408608105146,0.0172296466067186,0.190396155367576,0.00391728356275699,0.0365775453437689,-0.8,3,200,1000,1,1
0.00839708509537464,0.119219325808398,0.0142779271082081,0.183584194415958,0.00567375279137567,0.0528162583518962,-0.7,3,200,1000,1,1
-0.00223139534873744,0.115753023596945,0.00290031178903012,0.178835372969667,0.0107359137597153,0.0696675559073079,-0.6,3,200,1000,1,1
0.00398402242135453,0.113900603587684,0.0070746906838647,0.176628136095879,0.0125143906890003,0.0858012860741227,-0.5,3,200,1000,1,1
0.00602847505290621,0.112393485744058,0.00977159403624998,0.175586682118368,0.0138818795821473,0.101344745925017,-0.4,3,200,1000,1,1
0.00323892578774573,0.110644125463395,0.00767105779566758,0.173934304657785,0.0170594960403934,0.117687189639997,-0.3,3,200,1000,1,1
0.00485816970689737,0.10972886029288,0.0115073902172407,0.173927485187215,0.0242274356159929,0.134373412518048,-0.2,3,200,1000,1,1
0.00560750138951339,0.108591799730923,0.0140691687793987,0.173763163816746,0.0194390740980583,0.148211885136153,-0.1,3,200,1000,1,1
0.00365201072565717,0.10776359767764,0.0123169318366633,0.173688382848024,0.0213169070512338,0.163683044259454,0,3,200,1000,1,1
0.00800672347141381,0.106725550687814,0.00285017379749666,0.172099379093896,0.0267484026930996,0.177322936116723,0.1,3,200,1000,1,1
0.014744323732718,0.106533028710469,0.00895336405234806,0.17415639449514,0.0023951911450222,0.184225822269391,0.2,3,200,1000,1,1
0.0091089372673952,0.105218674238643,0.00142091194211922,0.173291991774201,0.0114047656994393,0.189440333947114,0.3,3,200,1000,1,1
0.012783749447332,0.105856045019744,0.0181456299080561,0.176878056357021,-0.0193893729590766,0.192189695873493,0.4,3,200,1000,1,1
0.0124740166731634,0.105257390771148,0.0121753427672798,0.176957500212055,-0.0252201981742499,0.18316693595678,0.5,3,200,1000,1,1
0.0137028856770454,0.105528200897608,0.0186349966839683,0.179262261497983,-0.0427061640633372,0.167935569857432,0.6,3,200,1000,1,1
0.0197377940556028,0.106176015902549,0.0209425282143054,0.182614944569007,-0.0357872665011374,0.133531262744307,0.7,3,200,1000,1,1
0.00526293397234478,0.107566298633503,0.0152952203185456,0.187879799910823,-0.0279213850580692,0.0877002595859231,0.8,3,200,1000,1,1
0.00186279423565874,0.112039191859366,0.00935523100710415,0.207976251210507,-0.0100694541019817,0.0352886104405353,0.9,3,200,1000,1,1
0.00199812058258,0.116033610812517,0.00641372049721375,0.170379762837323,0.00132346972196002,0.0156171706297533,-0.9,4,200,1000,1,1
0.00280300686765193,0.110304557024188,0.00404200307318209,0.162526782397981,0.00317208311336305,0.0289491696742031,-0.8,4,200,1000,1,1
0.00122933521648575,0.107082143172141,-0.00677846449560069,0.157425018105709,0.0064251656633427,0.0414861017690526,-0.7,4,200,1000,1,1
0.00416807193109488,0.104873323465041,-0.000486757919246077,0.15637331827206,0.00546390681065789,0.0539665735844683,-0.6,4,200,1000,1,1
-0.000537119067651302,0.103372387306236,0.0021778552993121,0.155641183235054,0.00883549906869532,0.0672345017143548,-0.5,4,200,1000,1,1
0.000131255468059124,0.102103201521175,0.00975294017940738,0.155125650807769,0.00929658616333221,0.0798458686423764,-0.4,4,200,1000,1,1
0.00750520847186926,0.100709587197963,0.000385217094577901,0.152481670272062,0.00818810695012816,0.0920945698143276,-0.3,4,200,1000,1,1
0.00230024719592385,0.0994873090065028,0.00505737894470578,0.151966242441368,0.0144488915394103,0.103882739570341,-0.2,4,200,1000,1,1
0.00691389781584899,0.0986972041511022,0.00481126605583292,0.151234096790684,0.0109971230347488,0.113212655668914,-0.1,4,200,1000,1,1
0.0104599663061621,0.0981486059870489,0.00882245156090285,0.151159259757489,0.0116108486635347,0.121776311954326,0,4,200,1000,1,1
0.00760821355117765,0.0972480662144829,0.00246136764967663,0.150585799997588,0.00924386857863698,0.131054210428692,0.1,4,200,1000,1,1
0.00608381417248578,0.0969411598410078,0.00462324582663232,0.151211952042659,0.00996906983769259,0.138067040768645,0.2,4,200,1000,1,1
0.0133457838731121,0.097345652588089,0.0203557883883479,0.154333994258302,0.000553943963456646,0.144334320954003,0.3,4,200,1000,1,1
0.00150808510691128,0.0962671863177813,-0.011968037946996,0.151130439653752,0.00166404498204447,0.144825224851106,0.4,4,200,1000,1,1
0.0101858378237647,0.0972532005309377,0.0119455191150809,0.156201785293709,-0.0167677226904147,0.142445088998019,0.5,4,200,1000,1,1
0.00534786801633636,0.0977913347837601,0.00962279791009722,0.15820970685853,-0.0322440289243111,0.133726038359763,0.6,4,200,1000,1,1
0.00845022285526259,0.0986979157703274,0.00598369361111334,0.161944986604754,-0.0258266112473532,0.108297158384425,0.7,4,200,1000,1,1
0.00331563054898113,0.100453154947011,0.00647475455232094,0.170002314991287,-0.0239239819889755,0.0734736699328351,0.8,4,200,1000,1,1
0.00238730676458867,0.104691480253427,0.00686034273525325,0.191592246349093,-0.00853955754892907,0.0308623729029019,0.9,4,200,1000,1,1
0.00259772566030995,0.104621687439568,0.000587531081140958,0.158600430947704,0.00172269340764423,0.0154744043259263,-0.9,3,300,1000,1,1
0.00706298212418708,0.099784205219122,0.0121047699767661,0.152465144765368,0.00154047673638868,0.0290374374552899,-0.8,3,300,1000,1,1
0.00865513384808214,0.0967776043152886,0.00950750729560644,0.148533608694338,0.00429536863347002,0.0427526501920303,-0.7,3,300,1000,1,1
0.00696242955846509,0.0943074789566237,0.00600664936021804,0.145132494225601,0.00788284715829014,0.0561432064826455,-0.6,3,300,1000,1,1
0.0051726043721037,0.0925123422641353,0.00494356871821999,0.142730722068176,0.0063203008522684,0.0683732253507402,-0.5,3,300,1000,1,1
0.00895804687182139,0.0911031861861598,0.00408794526088082,0.1412849469555,0.00570476151882159,0.0811188119573543,-0.4,3,300,1000,1,1
0.00767926650204642,0.0901211914471169,0.0146744957911108,0.141528392632861,0.00907411923129937,0.0938500881677848,-0.3,3,300,1000,1,1
0.00750708609563699,0.089017812760284,0.00769645512291419,0.140529567464002,0.0117826385106626,0.107507966534823,-0.2,3,300,1000,1,1
-0.00193606916039554,0.0878655791008817,0.00193196722355013,0.139304595692174,0.0129161816574483,0.119581925581238,-0.1,3,300,1000,1,1
0.00444301096847495,0.0871572790937275,0.00147191973850056,0.138994736309301,0.016567311426018,0.132367195903099,0,3,300,1000,1,1
0.00871701237023558,0.0865773161197393,0.0089521258963791,0.140284634499323,0.0192097463061888,0.143884319460689,0.1,3,300,1000,1,1
0.00614152284868099,0.0860491297656779,0.00883417836381483,0.140796069240444,0.00844934744192326,0.1518661683414,0.2,3,300,1000,1,1
0.00530869500618156,0.085421833092365,0.00664245942540609,0.14044839143835,0.000130091137311032,0.15752198662526,0.3,3,300,1000,1,1
0.00862937940411458,0.0852336884835233,0.00995584156930153,0.141917972631859,-0.0138390986964077,0.157554815837597,0.4,3,300,1000,1,1
0.00857104794818329,0.0846628760114274,-0.0016240596184081,0.141227933735492,-0.0198600950120684,0.150178732677258,0.5,3,300,1000,1,1
0.00589545715762296,0.0849114308567427,0.00691104982827228,0.143102033952456,-0.0211400036164712,0.133767422193084,0.6,3,300,1000,1,1
0.00779766374763505,0.0858906108608697,0.018596926871,0.146915753717019,-0.0295259560708831,0.106602776586957,0.7,3,300,1000,1,1
0.00642145003614604,0.0874548662083039,0.0122372736294719,0.15167083409555,-0.019115076337834,0.0671243075427623,0.8,3,300,1000,1,1
0.000306560942862571,0.0911582702144303,0.0104041585400757,0.168812674591133,-0.00715308016577387,0.0270206479361815,0.9,3,300,1000,1,1
0.00519874928710222,0.0942110008483245,0.00308887647759973,0.137240091844672,0.00113318100168435,0.0126430422544374,-0.9,4,300,1000,1,1
0.00264445152402396,0.0897024329506208,-0.00138271225524774,0.131265192234141,0.00334228683056993,0.0235103039127113,-0.8,4,300,1000,1,1
0.00157035746868106,0.0873105486061346,0.0038422676366938,0.129403135749563,0.00332920537295712,0.0336841945853422,-0.7,4,300,1000,1,1
0.00433916971700937,0.0855174783261444,0.00117882827840966,0.127478800494622,0.00448113249870919,0.0439256783024598,-0.6,4,300,1000,1,1
0.00160304651702227,0.084189132922031,0.00157004302859902,0.126229702244229,0.00844872308937842,0.0546613271470805,-0.5,4,300,1000,1,1
0.005930048682789,0.0831702284670919,0.0061982750418134,0.125916304450551,0.00793176292225291,0.06523458788104,-0.4,4,300,1000,1,1
0.00196830462119402,0.0820264366678097,0.00150109614918513,0.123992260814791,0.00921053262125669,0.0749507546125122,-0.3,4,300,1000,1,1
0.00173492795243572,0.0809554320230732,-0.000554584347012093,0.122896842132942,0.0102067319893623,0.0843223336600932,-0.2,4,300,1000,1,1
0.000925029817210193,0.0802993086739885,0.00430699295322718,0.122694305723721,0.0112646009243418,0.0923641406352469,-0.1,4,300,1000,1,1
0.00404651677483652,0.0797267367787727,0.00463616756206475,0.122459835021183,0.00577356843727316,0.0995622373640491,0,4,300,1000,1,1
0.00485098553759949,0.0791427092780553,0.00397835293977681,0.122300272795211,0.0140243844256618,0.106759984789088,0.1,4,300,1000,1,1
-0.000691729380149292,0.0787143953919157,-0.00132706511820364,0.121755614826065,0.0090389777443421,0.112898687382174,0.2,4,300,1000,1,1
0.00543676836218457,0.078654986492196,0.0023025820400646,0.122634464877184,-0.00356513219189458,0.117748626411757,0.3,4,300,1000,1,1
0.00597094047530943,0.0788713934082889,0.0079399543723939,0.124801317600371,-0.00492973592993716,0.120874610306985,0.4,4,300,1000,1,1
0.00691340062223082,0.0791357207360838,0.00801618564494284,0.126361376642085,-0.00783937936715771,0.117799824940993,0.5,4,300,1000,1,1
0.00773225474339992,0.0791899066226178,-0.00322893793202366,0.127255759432842,-0.0166298290253152,0.107807984491334,0.6,4,300,1000,1,1
0.00442515147290426,0.0805148956774969,0.010298578564933,0.132379478304931,-0.017301328095623,0.0871943622206376,0.7,4,300,1000,1,1
0.00228811894151662,0.0818474803832121,0.00178260656707375,0.137625879063668,-0.0140595823009418,0.056702651743407,0.8,4,300,1000,1,1
0.00305589052649484,0.0851112442109871,0.00454929733839024,0.15523474619617,-0.00641402079018928,0.0243408082189201,0.9,4,300,1000,1,1
0.00169693107169741,0.0806369692369113,-0.000431424556890434,0.12181857348328,0.000791668115562867,0.0117530186509169,-0.9,3,500,1000,1,1
0.00361890808916011,0.0768192543287059,0.0098905811644891,0.11700702049728,-0.000476342865047651,0.0221578802198492,-0.8,3,500,1000,1,1
-0.00257183993435894,0.0741871848438312,0.000557612967309592,0.112956532283675,0.00262787486749729,0.0327043561820335,-0.7,3,500,1000,1,1
0.00410758207182889,0.0725866412690759,0.000273452715436538,0.110541442144642,0.00324604566878749,0.0425811098477159,-0.6,3,500,1000,1,1
0.000603160744550919,0.0712356695113544,-0.000718136113719274,0.109155052140873,0.00401587582607735,0.0523939018171598,-0.5,3,500,1000,1,1
0.00111697696491613,0.0702870593393055,0.00639790499869113,0.109068054840558,0.00910919033530203,0.0627814788816085,-0.4,3,500,1000,1,1
0.00580969608555289,0.0691920765426777,0.00188720407985384,0.107603030847809,0.00936235485306654,0.0722439356607445,-0.3,3,500,1000,1,1
-0.000294401137918287,0.0683345479675026,0.00145227993314441,0.106900702138556,0.00910754953641855,0.0818851929281726,-0.2,3,500,1000,1,1
0.00165370331832308,0.0680466586311191,0.00843750952434915,0.107628612378195,0.00200760865815558,0.0911704881251403,-0.1,3,500,1000,1,1
0.00396113541384867,0.067149964663073,0.00206428153333358,0.106908990870035,0.0143832132576979,0.101419377223155,0,3,500,1000,1,1
0.00217014648106826,0.066560877635158,0.000992357370345475,0.10714099459937,0.0132358427392791,0.110720584588717,0.1,3,500,1000,1,1
0.00243634928922752,0.0661100789365837,0.00332448275988739,0.107435055856417,0.0110591639300277,0.117969154908201,0.2,3,500,1000,1,1
0.00187199922397782,0.0657358878019729,0.00919463556450803,0.108403487332227,0.00438687864517969,0.122290763432472,0.3,3,500,1000,1,1
0.00628232065147024,0.065408221593496,0.00565308394083364,0.108605425585111,-0.00211618855369709,0.123286809194447,0.4,3,500,1000,1,1
0.00572234089549374,0.065287720684942,0.00921510086754691,0.10951230551429,-0.0101425993808921,0.116801999027798,0.5,3,500,1000,1,1
0.00625350500678699,0.0654264736258003,0.00968572323872117,0.110277188680239,-0.014142414952466,0.102401778642098,0.6,3,500,1000,1,1
0.00633652991386189,0.0658476075509374,0.00752157595167667,0.111389423770419,-0.0199806040256117,0.0793420360850577,0.7,3,500,1000,1,1
0.00234001140377185,0.0672852697734142,0.00588633679312184,0.116019791523657,-0.00992636310216579,0.0479839940630756,0.8,3,500,1000,1,1
0.00360097424510034,0.0703663149703896,0.00918799557263895,0.129974203848147,-0.00375150506316952,0.0196395737578,0.9,3,500,1000,1,1
0.00497021466140919,0.0728059093766341,0.00261385863652498,0.105749132187061,0.000364800777663511,0.00970277468281264,-0.9,4,500,1000,1,1
0.00128723594681688,0.0694646799807552,0.000510941852088228,0.10173418440846,0.00149077888745454,0.0180678574726523,-0.8,4,500,1000,1,1
0.00206854216771512,0.0676966515750681,0.00604186566351886,0.100297822774253,0.00175386757438332,0.0258685798240329,-0.7,4,500,1000,1,1
0.00238106166804717,0.0661158363054221,-0.000659541543741692,0.0983041593370716,0.00358442071815096,0.033803372247626,-0.6,4,500,1000,1,1
0.00365531399886154,0.0651431743081328,0.00605924309313665,0.0976883650336432,0.00210755602132819,0.0415432392989697,-0.5,4,500,1000,1,1
0.00255353487092324,0.0642566674481843,0.00719057946513928,0.0973724205872252,0.00521299293971876,0.050168842324889,-0.4,4,500,1000,1,1
0.00248031400789744,0.0633507846146261,0.00199159255895549,0.0958644887410746,0.0047359373268057,0.0579282439788507,-0.3,4,500,1000,1,1
0.00286617410701192,0.0626604480311994,0.00358654006064108,0.0952294792336791,0.00555020619689731,0.065205054211033,-0.2,4,500,1000,1,1
0.002620595371251,0.0620017892550145,-0.00104718613304707,0.0941556594935561,0.00255473071906555,0.0712110578317478,-0.1,4,500,1000,1,1
0.00329900316717103,0.0616451325717776,0.00501156442170341,0.0944572748760017,0.000569852991060094,0.0764930642377617,0,4,500,1000,1,1
0.00459545815711385,0.0611941218243366,0.00441109026971044,0.0941449071169885,-6.96795291859684e-05,0.0818215372064515,0.1,4,500,1000,1,1
0.0027650031805404,0.060859906684486,0.00216704012122716,0.094167957602268,0.00599151227066419,0.0873304997972364,0.2,4,500,1000,1,1
0.00457935325948441,0.0607471487748636,0.00294972301885233,0.094909623474762,0.0014917394925684,0.092090109094998,0.3,4,500,1000,1,1
0.00312238095984324,0.0606060343246774,-0.0036180600173232,0.0949808682226919,-0.00556869688623757,0.0948216763666336,0.4,4,500,1000,1,1
0.00391331117495597,0.0609281607609423,0.00490294757291368,0.0969820135551205,-0.00850984661311129,0.0931411294712966,0.5,4,500,1000,1,1
0.00303923174520034,0.0612938554650741,0.00354349582068621,0.0987300888260342,-0.0102991995263325,0.0836931158171394,0.6,4,500,1000,1,1
0.00199577817702212,0.0621318666974708,0.0087122421530201,0.101758026243808,-0.0172995292024662,0.0674819812670119,0.7,4,500,1000,1,1
0.000413262585193275,0.0633232597467856,0.00555603417004089,0.10672234171972,-0.00826080228104803,0.0420175471169692,0.8,4,500,1000,1,1
-0.00176907477987942,0.0657589485983827,0.00112707363846147,0.119757461244387,-0.00386026739085447,0.0179910903962257,0.9,4,500,1000,1,1
0.000893393797815004,0.0567583647978673,-0.00136323265173264,0.0856045703783249,0.000307718379463701,0.00825294847263957,-0.9,3,1000,1000,1,1
0.00244411947658076,0.054086209190692,0.00543042445822508,0.0818057221422022,-0.000344949577838152,0.0155839713250294,-0.8,3,1000,1000,1,1
0.000409764054466469,0.0524047113854335,0.00706261961965312,0.0799397757444502,0.00058756801246719,0.0228405834358497,-0.7,3,1000,1000,1,1
0.00167037451216485,0.0511717700455166,0.00406842876518386,0.0781926455935712,0.00255076368159531,0.0299121262177046,-0.6,3,1000,1000,1,1
0.00299300006234605,0.0502630689526264,0.0052281621534682,0.0772311921574346,-0.000402763873714604,0.0364786397299161,-0.5,3,1000,1000,1,1
-0.00224565865521643,0.0492611237991513,-0.00649423344333315,0.0755715132825265,0.00387964220925611,0.0436093987907286,-0.4,3,1000,1000,1,1
-0.00113490679867898,0.0486929758598017,-0.00172529259860382,0.0754292257667397,0.00458264651592592,0.0505045390371195,-0.3,3,1000,1000,1,1
-0.000146689457586958,0.0481549732829123,-0.00143278690915118,0.0751611502463439,0.00417011175768171,0.0572499272419673,-0.2,3,1000,1000,1,1
0.00270048421295009,0.0478729720941428,0.00759905882222451,0.0755128546254371,0.000285220201707932,0.0638672276731392,-0.1,3,1000,1000,1,1
0.0014210708408449,0.0473371442296335,0.000659570517457826,0.0750385188700253,0.00313320243497159,0.0709056058271082,0,3,1000,1000,1,1
0.00173868208145154,0.0469187184316204,0.00174827696917071,0.0752480443562552,0.00418443297767595,0.0775651341675828,0.1,3,1000,1000,1,1
0.00215913297673548,0.0464983840271588,-0.000949941329552132,0.0753158467363688,0.00964167169523576,0.0836386591860212,0.2,3,1000,1000,1,1
0.00177940955398556,0.0461913042691752,0.000115181209064621,0.0756727542972495,0.00402438781580283,0.0875506322133842,0.3,3,1000,1000,1,1
0.00357463403913403,0.0459365959355926,0.000843446993370759,0.076119092598436,-0.00014648632174421,0.0881426607198522,0.4,3,1000,1000,1,1
-0.000355555141823926,0.045838163990822,0.00463750862603754,0.0766682904831814,-0.00486049795395082,0.0835750159249518,0.5,3,1000,1000,1,1
0.00242598660413956,0.0458570006605891,0.00370740851967504,0.0769250851991857,-0.0138973782529672,0.0725946949466097,0.6,3,1000,1000,1,1
0.00214755374822761,0.0463348848358434,0.00264793474829079,0.0781046647950618,-0.00787175597894152,0.0533441392203785,0.7,3,1000,1000,1,1
0.00328585640826127,0.0473953262193842,0.00476204226049705,0.0814097387164685,-0.00408639419479902,0.0321335712363299,0.8,3,1000,1000,1,1
0.00246757032872922,0.0495026628678927,0.00393949026717742,0.0909385567475215,-0.00219204521028297,0.0134215260924405,0.9,3,1000,1000,1,1
0.00157653962185422,0.0512417636247031,0.000896891979221859,0.0744663800111991,0.000609035687870569,0.0068630137410445,-0.9,4,1000,1000,1,1
-0.00288983308801138,0.0489744573923993,-0.00126572867662696,0.0716032495850931,0.00102391711370147,0.0127078207696769,-0.8,4,1000,1000,1,1
-0.000397777558922256,0.0477178501025962,0.00419350670833091,0.0705879798247675,0.00109904054262666,0.0182450787795777,-0.7,4,1000,1000,1,1
0.00194769239509841,0.0467204518886674,-0.000604504853473238,0.0692410294485283,0.000930255969903003,0.0236975224627793,-0.6,4,1000,1000,1,1
0.000345756328237984,0.0459660532500262,0.00313354520852367,0.0688053832862492,0.0021830142800396,0.0294104899905152,-0.5,4,1000,1000,1,1
-0.000745159550649253,0.0452900367300295,0.00243609557474941,0.0681145921291168,0.00255025619512398,0.0351830417429056,-0.4,4,1000,1000,1,1
-0.000486356294616572,0.0446269876516793,-0.00288235695327652,0.0672935587264049,0.00339977467923456,0.0408659853184158,-0.3,4,1000,1000,1,1
0.000860209830658436,0.0442130912986484,0.000472070581730123,0.0669692252249423,0.00151806959112978,0.0459384701448609,-0.2,4,1000,1000,1,1
-8.88497736331089e-05,0.0437255634416903,-0.00132717054296706,0.0663858152165345,0.00234523842175542,0.0502251495983054,-0.1,4,1000,1000,1,1
-0.000137457618369633,0.0434223171218542,0.00309189845609352,0.0664179292984139,0.00318069714662116,0.054254672226357,0,4,1000,1000,1,1
0.00319366762650986,0.0431415064205216,0.000980028940796236,0.0662343811598344,0.000378246717307362,0.0577076431379396,0.1,4,1000,1000,1,1
0.000721086066693636,0.0429481935508303,0.00109417347774113,0.0663390430636376,0.00209888641135733,0.0616525468947085,0.2,4,1000,1000,1,1
0.00057282726917404,0.0428323227283502,-0.000693425645703833,0.0665913710266394,-0.000119268074859761,0.0655619064007159,0.3,4,1000,1000,1,1
4.11937636448797e-05,0.0428086376563285,0.0024898591938122,0.0674223345831988,-0.00304427050076432,0.0677878359289712,0.4,4,1000,1000,1,1
3.33777522724159e-05,0.0429311635062863,0.00313274254077396,0.0682366748597955,-0.0061658135331961,0.0665269012090979,0.5,4,1000,1000,1,1
0.00182165110561581,0.0432321404010611,0.00292891102328358,0.0694311581990333,-0.00664274581274512,0.0594590138621493,0.6,4,1000,1000,1,1
0.00139636724135321,0.0437364859149844,5.13568237257423e-05,0.071216621330993,-0.00651802876693079,0.0458713693922271,0.7,4,1000,1000,1,1
0.000271842394654374,0.0446965433218051,0.00170914913524682,0.0751470652472899,-0.00350281890182314,0.0286600266159432,0.8,4,1000,1000,1,1
-0.00038686363512584,0.0464867577461187,0.00117227887104611,0.0846838939891816,-0.000921147018167978,0.0121840502264809,0.9,4,1000,1000,1,1
