"beta_error","beta_sd_avg","omega_error","omega_sd_avg","rho_error","rho_sd_avg","rho","N","n_reps","beta_free","omega_var","Tfull","beta_estimate_sd","omega_estimate_sd","rho_estimate_sd"
"1.56104244827436",13.6580781116877,2.83157031311457,36.7153250922517,0.0892054187352746,0.431994843139523,-0.9,20,500,2.4,1,2,NA,NA,NA
"4.37419107071894",19.1871867360043,617.171416419502,1114.1518642564,0.310762591628216,5.55865937556259,-0.6,20,500,2.4,1,2,NA,NA,NA
"30.6424888968964",19.9123987132522,29954.2255938482,17951.2929396251,0.327673630977983,9.12252535325043,-0.3,20,500,2.4,1,2,NA,NA,NA
"33.9808467673688",18.4548062411222,22231.385951073,14513.1917084274,0.183893898230885,13.1324366455346,0,20,500,2.4,1,2,NA,NA,NA
"1.5834717032717",11.4609209829284,12.477174704267,161.800312002759,0.015017427271868,6.51641271190341,0.3,20,500,2.4,1,2,NA,NA,NA
"2.38812643669927",15.0415935432649,38.9196979139981,431.994531869481,-0.144958376899783,11.4738030290122,0.6,20,500,2.4,1,2,NA,NA,NA
"1.05350332060412",6.46739625690445,3.62138441620237,27.1352372692283,-0.20356416983628,4.67863312091996,0.9,20,500,2.4,1,2,NA,NA,NA
"1.2031241580948",12.846387757463,2.08396779639353,29.9198250673641,0.118004666566576,0.513206668150877,-0.9,20,500,2.5,1,2,NA,NA,NA
"4.59304194785406",16.1330769280006,851.217243594083,1152.1024610923,0.309058777093582,4.04910373590959,-0.6,20,500,2.5,1,2,NA,NA,NA
"1.7899561120566",18.3128125306403,5.59232968647898,123.15713690279,0.25763188167793,5.58629290855696,-0.3,20,500,2.5,1,2,NA,NA,NA
"16.0031589949083",18.0992895527559,10127.8046157738,6671.05072422398,0.238394313106368,9.56362083547414,0,20,500,2.5,1,2,NA,NA,NA
"17.8250952309491",19.5042430051716,5960.9080787032,4693.01990963345,0.013722578780241,14.2064589242647,0.3,20,500,2.5,1,2,NA,NA,NA
"7.15612086407735",10.8720895783839,1621.2541917745,1736.39327659577,-0.152659370094826,7.17008551023449,0.6,20,500,2.5,1,2,NA,NA,NA
"7.23002987070711",14.5900186916802,5743.53039213359,4765.25070354552,-0.247675389196216,7.84999228508383,0.9,20,500,2.5,1,2,NA,NA,NA
"0.493940872639187",1.57301606063213,0.765387661382439,2.80757185255116,0.0349528101939047,0.112936967981746,-0.9,20,500,2.4,1,3,NA,NA,NA
"0.261681375626868",1.05586327379622,0.290872145355006,1.42139351418442,0.177403314809003,0.399676318396431,-0.6,20,500,2.4,1,3,NA,NA,NA
"0.331755289885123",1.10871815235981,0.368404003828985,2.3040636304193,0.20228886448433,0.571853621248297,-0.3,20,500,2.4,1,3,NA,NA,NA
"0.246683904853463",0.862361181901528,0.154240609297577,1.02565966620553,0.104607697390143,0.767863779867276,0,20,500,2.4,1,3,NA,NA,NA
"0.359467373181434",1.0371987981151,0.480490767138022,2.1942785931065,-0.061413370089569,0.77729906371701,0.3,20,500,2.4,1,3,NA,NA,NA
"0.312133098265119",0.863207122720145,0.204621469523023,1.12863016529844,-0.182705052175113,0.825464696537125,0.6,20,500,2.4,1,3,NA,NA,NA
"0.309098769460021",0.88801803642349,0.290314167741693,1.34394807006427,-0.219676467258596,0.479553614883138,0.9,20,500,2.4,1,3,NA,NA,NA
"0.274292331141152",1.34851934328355,0.371288453126187,1.86045286624798,0.0353446182460902,0.111887286529448,-0.9,20,500,2.5,1,3,NA,NA,NA
"0.386990363787836",1.26258246574707,0.464078438077606,1.93590594233253,0.169152415498941,0.383447638348669,-0.6,20,500,2.5,1,3,NA,NA,NA
"0.294464538254805",1.09099041419778,0.398613008447998,2.30504708980746,0.203257346564957,0.650128089705272,-0.3,20,500,2.5,1,3,NA,NA,NA
"0.458785413343355",1.40813124894758,1.03948552215985,5.69016142651748,0.121357856788906,0.990583170890413,0,20,500,2.5,1,3,NA,NA,NA
"0.364203942678482",0.956532793344824,0.270044823019398,1.26560681601923,-0.0177553339710291,0.872594628038474,0.3,20,500,2.5,1,3,NA,NA,NA
"0.391677946213038",1.01834855840671,0.383072119503634,1.57432853869965,-0.164586154009008,0.796996031763687,0.6,20,500,2.5,1,3,NA,NA,NA
"0.237201651169119",0.87563097526257,0.246213401888699,1.26035984950879,-0.189373120255864,0.48126104629998,0.9,20,500,2.5,1,3,NA,NA,NA
"0.135251307306437",0.717464133440083,0.0730688100936013,0.771921837271674,0.0308751960567279,0.0748418913296201,-0.9,20,500,2.4,1,4,NA,NA,NA
"0.136343147309083",0.632298487859787,0.0874896189912206,0.725382432809935,0.116652776807574,0.256742531199716,-0.6,20,500,2.4,1,4,NA,NA,NA
"0.120969365449861",0.580859034072957,0.0184123004283007,0.654886452487119,0.14560737317647,0.372249405144263,-0.3,20,500,2.4,1,4,NA,NA,NA
"0.183050163212956",0.566112538179003,0.0485966555963894,0.658092708247662,0.0692046069798056,0.456109962153763,0,20,500,2.4,1,4,NA,NA,NA
"0.192637421708826",0.571436916239415,0.0595418293040989,0.713218699427637,-0.029049414227705,0.50181069108324,0.3,20,500,2.4,1,4,NA,NA,NA
"0.159485553601716",0.544537796632341,0.0285388783783704,0.692521484859739,-0.15130418376279,0.460014195451681,0.6,20,500,2.4,1,4,NA,NA,NA
"0.0792398799718706",0.578868014282598,0.120457863323147,0.859194107413735,-0.161085936165106,0.252500968095342,0.9,20,500,2.4,1,4,NA,NA,NA
"0.197538260722375",0.779376641900206,0.157756370368691,0.878907269477239,0.0223218600087157,0.0701435275254789,-0.9,20,500,2.5,1,4,NA,NA,NA
"0.132665190548105",0.647657724007675,0.0768653518004551,0.717452240176473,0.122023755831526,0.248151458143221,-0.6,20,500,2.5,1,4,NA,NA,NA
"0.19816228119734",0.633792862728262,0.100788533952825,0.737080889363077,0.129821426643241,0.395172918339816,-0.3,20,500,2.5,1,4,NA,NA,NA
"0.194922930758117",0.590681304511522,0.0457048843079351,0.678930621660222,0.0913371417430315,0.475852137531501,0,20,500,2.5,1,4,NA,NA,NA
"0.192926190561911",0.579757652663276,0.0712871710795865,0.718780885781289,-0.0513694157993032,0.507402096636279,0.3,20,500,2.5,1,4,NA,NA,NA
"0.243213087975422",0.608232068220106,0.108435603175846,0.780417515651525,-0.156017618213075,0.490650785107256,0.6,20,500,2.5,1,4,NA,NA,NA
"0.140231708646453",0.639469472921689,0.139990553482914,0.987560860837934,-0.167285914885547,0.28508062104984,0.9,20,500,2.5,1,4,NA,NA,NA
"0.849790570078081",5.08516534987259,1.55153524031769,11.0406830997049,0.0538439541225145,0.213466183141315,-0.9,30,500,2.4,1,2,NA,NA,NA
"1.00246928518735",5.05082855068225,2.33414429265583,18.1263452600543,0.192196025464826,0.713304524172737,-0.6,30,500,2.4,1,2,NA,NA,NA
"0.594479509020697",2.89739825411702,1.28672885641107,10.4992482232387,0.252291278884964,1.11351325886436,-0.3,30,500,2.4,1,2,NA,NA,NA
"0.585469715254101",2.21379348641261,0.852233388188531,5.15435989018659,0.119236142940088,1.38691962737768,0,30,500,2.4,1,2,NA,NA,NA
"0.5369274797835",2.85163402136871,0.906813140386105,12.2447205017085,0.0139513252081284,1.35524573867596,0.3,30,500,2.4,1,2,NA,NA,NA
"0.696444647185427",3.75118240646774,1.59067212375299,29.0495245903356,-0.162737259868992,1.46733897574132,0.6,30,500,2.4,1,2,NA,NA,NA
"0.529836331035912",2.39397984617944,1.43017537734002,15.4642007418235,-0.163193891853121,0.737613542305542,0.9,30,500,2.4,1,2,NA,NA,NA
"0.964152479934664",5.78655298336082,1.81369903465152,13.2284605822841,0.0626210285661085,0.229965016133802,-0.9,30,500,2.5,1,2,NA,NA,NA
"0.876481229988322",4.64827737780814,1.57678557985979,12.8414758045653,0.197481184658346,0.748945637243303,-0.6,30,500,2.5,1,2,NA,NA,NA
"0.851399429914061",4.55250752850215,2.2483304236074,23.8520323744951,0.248977439778771,1.08839732426589,-0.3,30,500,2.5,1,2,NA,NA,NA
"0.637098266422114",2.33345660650075,0.83725723114877,5.00002216591498,0.128528491633136,1.37755433501669,0,30,500,2.5,1,2,NA,NA,NA
"0.772834735307257",4.0364303547564,1.80038895228709,32.4613455339443,-0.0376911429143339,1.7268090839358,0.3,30,500,2.5,1,2,NA,NA,NA
"0.810196939135651",2.89784472986595,1.78455229044771,11.9499388343658,-0.174899188408794,1.80687131962387,0.6,30,500,2.5,1,2,NA,NA,NA
"0.491103210365849",1.85695686660814,0.773527890505527,3.11041128574695,-0.170428275455056,0.926829915279814,0.9,30,500,2.5,1,2,NA,NA,NA
"0.186170258320167",0.825647407871489,0.174501467158821,0.912217085793779,0.0236653984418551,0.0778822137863797,-0.9,30,500,2.4,1,3,NA,NA,NA
"0.151803243968549",0.692106279472073,0.133408383670457,0.767754225044884,0.119887820671638,0.299130865555899,-0.6,30,500,2.4,1,3,NA,NA,NA
"0.164489942182257",0.620471754708381,0.115722868039731,0.7153365282671,0.162813974736327,0.444767161687092,-0.3,30,500,2.4,1,3,NA,NA,NA
"0.184471557150108",0.618185740684898,0.0942669061124678,0.737529986976823,0.118337651553467,0.568965721224083,0,30,500,2.4,1,3,NA,NA,NA
"0.208495805532255",0.599601341173712,0.0811281827908498,0.692830418783747,-0.0137645359172325,0.625374623072098,0.3,30,500,2.4,1,3,NA,NA,NA
"0.230630008509415",0.597040970184502,0.183078039216681,0.754795133161165,-0.165929612157607,0.600474456973894,0.6,30,500,2.4,1,3,NA,NA,NA
"0.155101368617954",0.600790084215204,0.159828213371578,0.85325036201777,-0.119689665018676,0.225643353067176,0.9,30,500,2.4,1,3,NA,NA,NA
"0.253011056689178",0.93462835736573,0.234466091132584,1.06566693159778,0.0225997889723889,0.0790373782655779,-0.9,30,500,2.5,1,3,NA,NA,NA
"0.152168363437974",0.809591785930713,0.17887400906183,1.12528251293817,0.115655624500878,0.288530749820409,-0.6,30,500,2.5,1,3,NA,NA,NA
"0.179191854041618",0.669295394374737,0.107141629951062,0.733483384610586,0.152769897644302,0.449633296154488,-0.3,30,500,2.5,1,3,NA,NA,NA
"0.218749771837812",0.644174719067084,0.123113427595137,0.727025699603039,0.0898874835074977,0.569344131068164,0,30,500,2.5,1,3,NA,NA,NA
"0.224508091674179",0.649836196734059,0.153383609747471,0.773728363352522,-0.0197341330769225,0.628554117238705,0.3,30,500,2.5,1,3,NA,NA,NA
"0.251380547862454",0.636452760009153,0.155172525109859,0.775669380640643,-0.170337025066361,0.582461675880417,0.6,30,500,2.5,1,3,NA,NA,NA
"0.16854667580249",0.634313277727616,0.146724730205992,0.874276661959756,-0.129013112851279,0.271183444837494,0.9,30,500,2.5,1,3,NA,NA,NA
"0.062197131040232",0.545662207563345,0.0258519643982327,0.562971261221547,0.0189262194066436,0.0558818190373109,-0.9,30,500,2.4,1,4,NA,NA,NA
"0.081070428529893",0.481010984318621,0.0228720517746244,0.514303227883053,0.0944725252760808,0.196830561048012,-0.6,30,500,2.4,1,4,NA,NA,NA
"0.0958404974592544",0.452690011335317,0.0753839478449497,0.525955047327211,0.132903307759928,0.316532250216272,-0.3,30,500,2.4,1,4,NA,NA,NA
"0.116408271665472",0.434689510031546,0.0712172789691815,0.52905778446378,0.0849330734467504,0.381572867811571,0,30,500,2.4,1,4,NA,NA,NA
"0.112633770792597",0.435180711703155,0.0446438228154075,0.532073870387664,-0.0287020717695646,0.409091706531691,0.3,30,500,2.4,1,4,NA,NA,NA
"0.0703448273060351",0.420898562766435,0.0267999600038275,0.531083040177184,-0.129658347158851,0.385195381232205,0.6,30,500,2.4,1,4,NA,NA,NA
"0.0938585777812216",0.460272387472524,0.0655273946410382,0.647433218414232,-0.105135441501927,0.170127422986371,0.9,30,500,2.4,1,4,NA,NA,NA
"0.0661751609217488",0.584383205502192,0.0628212805506688,0.621412650261827,0.014467557982117,0.0547348564638199,-0.9,30,500,2.5,1,4,NA,NA,NA
"0.0639174006001288",0.490603929157364,0.041637262834924,0.529206175855147,0.0977256025183262,0.207053704420329,-0.6,30,500,2.5,1,4,NA,NA,NA
"0.104448203643803",0.480034987268953,0.0509256692560027,0.530221470006919,0.106805868387996,0.312971289790833,-0.3,30,500,2.5,1,4,NA,NA,NA
"0.103366916744869",0.451574806694837,0.0325794399482962,0.517549488635492,0.0976590795757868,0.386061227602051,0,30,500,2.5,1,4,NA,NA,NA
"0.0945153259117065",0.439012265326122,-0.000867629212062327,0.505460230031045,-0.059993930479209,0.400717421787893,0.3,30,500,2.5,1,4,NA,NA,NA
"0.135287099554365",0.456858596526645,0.0681151261906389,0.566075811511524,-0.127414821686954,0.39727058145274,0.6,30,500,2.5,1,4,NA,NA,NA
"0.0785732439030633",0.46941496653291,0.0743286292275115,0.665014500126089,-0.0980283519851,0.178651142145105,0.9,30,500,2.5,1,4,NA,NA,NA
"0.566596870299341",3.13400421371811,0.966773278058175,5.69414976151955,0.0379017415846407,0.156053131903957,-0.9,40,500,2.4,1,2,NA,NA,NA
"0.415582394827666",1.90900463441127,0.616561435645318,3.27055063496966,0.135079723212837,0.500965905107265,-0.6,40,500,2.4,1,2,NA,NA,NA
"0.402633166437926",1.56022910376221,0.5707159187892,3.01249134269094,0.145037175083377,0.759225898053788,-0.3,40,500,2.4,1,2,NA,NA,NA
"0.398228322934145",1.36133182567607,0.524647778692072,2.60151842340687,0.125583800311431,1.03350178235444,0,40,500,2.4,1,2,NA,NA,NA
"0.328411420796379",1.16359441315963,0.313247308826591,1.56913340614623,-0.0105526698074913,0.976133840923102,0.3,40,500,2.4,1,2,NA,NA,NA
"0.404420298335456",1.11389938914488,0.454058894635928,1.58660396776991,-0.127468562214593,0.965987250362335,0.6,40,500,2.4,1,2,NA,NA,NA
"0.341462514757289",1.39840210991627,0.972399192921403,7.36166770316747,-0.117890961660983,0.541316276869841,0.9,40,500,2.4,1,2,NA,NA,NA
"0.583502630342275",3.40775516430761,0.966911186898998,5.79739036118707,0.0606728550885334,0.176480346112223,-0.9,40,500,2.5,1,2,NA,NA,NA
"0.453983787685633",2.04684695061085,0.744480432402919,3.80786197832415,0.142977477167152,0.499222371981578,-0.6,40,500,2.5,1,2,NA,NA,NA
"0.352081222764845",1.71777436109633,0.57021745392404,4.20450068093581,0.213280906083427,0.810553242009407,-0.3,40,500,2.5,1,2,NA,NA,NA
"0.43546965671868",1.60579157665891,0.660604099602609,3.55640041085221,0.083293893356023,0.973587031858225,0,40,500,2.5,1,2,NA,NA,NA
"0.508701360570822",1.68929836915575,1.09297509874918,8.31315069885875,0.0164530184877679,1.04399274672945,0.3,40,500,2.5,1,2,NA,NA,NA
"0.3993428096205",1.16985760039239,0.332075834614056,1.41486260690242,-0.138061040209491,0.977628566814334,0.6,40,500,2.5,1,2,NA,NA,NA
"0.459746852294043",1.32663346137284,0.644549152597644,2.20986255736604,-0.145998377270293,0.446958124416379,0.9,40,500,2.5,1,2,NA,NA,NA
"0.103992207029026",0.641988324920408,0.132531996251816,0.685690668910261,0.0177111234152374,0.061650043453254,-0.9,40,500,2.4,1,3,NA,NA,NA
"0.0872690239512592",0.545804298558554,0.094808446880523,0.603192829431527,0.0767909328006363,0.225160190000061,-0.6,40,500,2.4,1,3,NA,NA,NA
"0.079105084692354",0.493517977043236,0.0458237689062831,0.535809449743922,0.141027853998817,0.355905325087955,-0.3,40,500,2.4,1,3,NA,NA,NA
"0.110817899580735",0.478368848259667,0.0401663430549401,0.532124751946649,0.0987870773160489,0.461845672633408,0,40,500,2.4,1,3,NA,NA,NA
"0.183998344659184",0.4900078710803,0.127367121407111,0.586642285277753,-0.0226828478138697,0.52140951391908,0.3,40,500,2.4,1,3,NA,NA,NA
"0.135682287569426",0.468976659442019,0.0901879661151627,0.581700270176717,-0.120342877718647,0.460218926500043,0.6,40,500,2.4,1,3,NA,NA,NA
"0.103265435719485",0.486215121298201,0.11252697202158,0.674943678888062,-0.0915248403381815,0.173055378859646,0.9,40,500,2.4,1,3,NA,NA,NA
"0.135723540743707",0.685109602543956,0.122205705951608,0.698709424849217,0.0156039317777323,0.0622524276293903,-0.9,40,500,2.5,1,3,NA,NA,NA
"0.121068547600881",0.575704648848395,0.093606585347353,0.600683520126787,0.0834742051188025,0.231910289382674,-0.6,40,500,2.5,1,3,NA,NA,NA
"0.101507615424763",0.526332784187359,0.0556552499266218,0.557767879307328,0.139944561217536,0.357779109971359,-0.3,40,500,2.5,1,3,NA,NA,NA
"0.108197807642453",0.509723276443434,0.0332370808719569,0.549300591913219,0.0942016374182019,0.475029724259905,0,40,500,2.5,1,3,NA,NA,NA
"0.153535167146604",0.502287003944496,0.0746831059476731,0.572065470738174,-0.000207141447959434,0.504373331328091,0.3,40,500,2.5,1,3,NA,NA,NA
"0.156290628039049",0.496424444372637,0.0910595437763454,0.593010953766089,-0.140115500752,0.463842881804974,0.6,40,500,2.5,1,3,NA,NA,NA
"0.132575522367361",0.52349163643173,0.101882053424683,0.687067948038447,-0.0916168472267588,0.191150949572845,0.9,40,500,2.5,1,3,NA,NA,NA
"0.0880387334812882",0.466483144111748,0.0395985731309221,0.483913335616976,0.00890720923665633,0.0447247448337202,-0.9,40,500,2.4,1,4,NA,NA,NA
"0.0493973852012219",0.402701355687923,-0.00258324816948282,0.423695635535912,0.0566508402449028,0.160070122461881,-0.6,40,500,2.4,1,4,NA,NA,NA
"0.0733283448883245",0.379449561696308,0.00532096261028708,0.419598495339977,0.0982545290903557,0.262929832774311,-0.3,40,500,2.4,1,4,NA,NA,NA
"0.115562151650538",0.373886553994872,0.0575395877685422,0.43878691998565,0.0599815512530633,0.326632687432416,0,40,500,2.4,1,4,NA,NA,NA
"0.100832241930644",0.36302526097702,0.0643600798617176,0.448364081257977,-0.0230024450404385,0.357622301123278,0.3,40,500,2.4,1,4,NA,NA,NA
"0.0722794984735884",0.353734048985042,0.0135648062215502,0.435172970148398,-0.109042516933996,0.332404070870357,0.6,40,500,2.4,1,4,NA,NA,NA
"0.0408875759177424",0.379692061210562,0.0294175023731502,0.533256945976733,-0.0621773165283275,0.116572262487124,0.9,40,500,2.4,1,4,NA,NA,NA
"0.117458595452748",0.497007080638705,0.0977907083473878,0.519448051310259,0.00935485903025281,0.0457398635436285,-0.9,40,500,2.5,1,4,NA,NA,NA
"0.0472084321105563",0.424019997447772,0.0311956281715167,0.443276672559557,0.0709070785874235,0.169258853564377,-0.6,40,500,2.5,1,4,NA,NA,NA
"0.0375890565019096",0.394931505514618,0.00916461357711228,0.426898674800748,0.0860403869256569,0.263351294046215,-0.3,40,500,2.5,1,4,NA,NA,NA
"0.114297207291596",0.387007001929423,0.0225875265413259,0.432610268368946,0.0623656059442004,0.331032019165416,0,40,500,2.5,1,4,NA,NA,NA
"0.103494293334917",0.378973745585779,0.0211448600866386,0.442808073034363,-0.00715268578528032,0.363959386509953,0.3,40,500,2.5,1,4,NA,NA,NA
"0.120747062796211",0.380244780642711,0.0357324140394174,0.460804847999323,-0.10080201108447,0.336850679893112,0.6,40,500,2.5,1,4,NA,NA,NA
"0.0505340898290286",0.397991072825498,0.0173716474175331,0.536420447388287,-0.0732691814820509,0.130456975219993,0.9,40,500,2.5,1,4,NA,NA,NA
"0.490846985529201",2.33861332873361,0.857882564523874,4.1918794770616,0.0289460247640756,0.1240302786968,-0.9,50,500,2.4,1,2,NA,NA,NA
"0.252810375395043",1.24167081908908,0.354797114143004,1.65970541861916,0.116971764218375,0.403906640385689,-0.6,50,500,2.4,1,2,NA,NA,NA
"0.282175934051333",1.10453287510413,0.412998825880611,1.86669572721059,0.135021197638826,0.594296457294665,-0.3,50,500,2.4,1,2,NA,NA,NA
"0.210191810966446",0.873741406173581,0.16758701158335,0.979892706751793,0.106054630844245,0.724398872554567,0,50,500,2.4,1,2,NA,NA,NA
"0.297408086872654",0.866299301480589,0.233864569492814,1.01613288879174,-0.021423225817584,0.777893276499265,0.3,50,500,2.4,1,2,NA,NA,NA
"0.313664548478706",0.858232895429889,0.276275757092206,1.06699990175286,-0.124161139527317,0.743597356343949,0.6,50,500,2.4,1,2,NA,NA,NA
"0.249914234009526",0.828882771740542,0.322234705612629,1.17055702721294,-0.0976048747275769,0.259557468448458,0.9,50,500,2.4,1,2,NA,NA,NA
"0.67167374076433",2.74101501642353,1.00003432961068,4.55294056709071,0.024322633150544,0.120603869904111,-0.9,50,500,2.5,1,2,NA,NA,NA
"0.330291870197732",1.47109555948184,0.589069817469866,2.73886827625338,0.13293655655716,0.42246796138342,-0.6,50,500,2.5,1,2,NA,NA,NA
"0.301880861271053",1.120535030765,0.297132957700771,1.31564108053704,0.16433208531816,0.628962355647498,-0.3,50,500,2.5,1,2,NA,NA,NA
"0.334628935101729",1.04274280404135,0.362516009951282,1.36600107406263,0.0769948311665802,0.760499666246847,0,50,500,2.5,1,2,NA,NA,NA
"0.373649768334369",0.965474746043091,0.353048698087033,1.15952757839129,-0.0173784558486248,0.831885915647502,0.3,50,500,2.5,1,2,NA,NA,NA
"0.350165275429763",0.89704265908037,0.293339802701769,1.08533610920113,-0.125152749865983,0.739380390035107,0.6,50,500,2.5,1,2,NA,NA,NA
"0.310850359949047",0.923459082169644,0.329500809823071,1.24532429625312,-0.0745002872383799,0.249692183235785,0.9,50,500,2.5,1,2,NA,NA,NA
"0.108435333601609",0.556413491100282,0.0801217127199098,0.562108409685638,0.009061721172655,0.0518723102581682,-0.9,50,500,2.4,1,3,NA,NA,NA
"0.0746832934433248",0.465365394481411,0.0627332788237089,0.484068772218475,0.0628043204981003,0.191182012905464,-0.6,50,500,2.4,1,3,NA,NA,NA
"0.0568191757662147",0.421322750612145,0.0254521199793674,0.447280561139856,0.119568795489233,0.313508623398836,-0.3,50,500,2.4,1,3,NA,NA,NA
"0.0746107001081704",0.40468974009065,0.0246376634481095,0.451011071705871,0.0960009198187561,0.401205619247137,0,50,500,2.4,1,3,NA,NA,NA
"0.151534587301622",0.418361206569172,0.0921016953678399,0.489004277476528,-0.0152911742327751,0.449439560411317,0.3,50,500,2.4,1,3,NA,NA,NA
"0.0987047950406042",0.405883490539253,0.0492954048101449,0.487446472757389,-0.120851265109845,0.403099970091825,0.6,50,500,2.4,1,3,NA,NA,NA
"0.0614302602272391",0.418264981505012,0.0447678239479041,0.55943957303325,-0.0462731105873363,0.120024030965267,0.9,50,500,2.4,1,3,NA,NA,NA
"0.115803565382615",0.582702249471298,0.117437408622368,0.5889721484858,0.0114362777205887,0.0527896076149244,-0.9,50,500,2.5,1,3,NA,NA,NA
"0.119462472145033",0.500534418332778,0.09115664302596,0.515287991511256,0.0684173931281226,0.200471414294757,-0.6,50,500,2.5,1,3,NA,NA,NA
"0.038103144144426",0.443196416907658,0.0155760795071651,0.45491522272208,0.10274246094373,0.327297368153862,-0.3,50,500,2.5,1,3,NA,NA,NA
"0.111986199883394",0.4391198223338,0.0657204354898021,0.471959977919391,0.0658338227569154,0.405251314396919,0,50,500,2.5,1,3,NA,NA,NA
"0.135043745338012",0.434491112487765,0.0806335317278211,0.487172419555733,-0.0534297914010151,0.446032607945732,0.3,50,500,2.5,1,3,NA,NA,NA
"0.132857402071599",0.430661940493612,0.100801603858873,0.515550802749293,-0.100489245604276,0.391987064303817,0.6,50,500,2.5,1,3,NA,NA,NA
"0.113324099582708",0.450472157330869,0.0918673256105119,0.597524105999145,-0.0677616071887001,0.140181560629775,0.9,50,500,2.5,1,3,NA,NA,NA
"0.0350716919214526",0.397913279465142,0.0179561355412192,0.404280824026081,0.00822331715617626,0.038729149975389,-0.9,50,500,2.4,1,4,NA,NA,NA
"0.0482944205817587",0.352863533017938,0.0210316946580886,0.376076820656495,0.0339173684552279,0.136093576214733,-0.6,50,500,2.4,1,4,NA,NA,NA
"0.0478173718860459",0.334405969609685,0.0139195552917206,0.370075148060528,0.0725406720988284,0.225265561005856,-0.3,50,500,2.4,1,4,NA,NA,NA
"0.0828308217131262",0.322817838127558,0.0455291901484892,0.382230341377805,0.0785850850233253,0.289644989330474,0,50,500,2.4,1,4,NA,NA,NA
"0.0725506251814589",0.314161234913947,0.0119468849011058,0.373294302479455,-0.0136722273003335,0.315133289162835,0.3,50,500,2.4,1,4,NA,NA,NA
"0.0543660224516868",0.310384597078129,0.00154589558530199,0.380660453797484,-0.0841465136165458,0.287611245701063,0.6,50,500,2.4,1,4,NA,NA,NA
"0.0208566580025435",0.33071871946522,-0.00640744295214873,0.452987327323522,-0.044615351675888,0.0921220629221246,0.9,50,500,2.4,1,4,NA,NA,NA
"0.00445950295813862",0.410241244765609,-0.0171926031627941,0.402235245418128,0.0110818258487834,0.0405003641144986,-0.9,50,500,2.5,1,4,NA,NA,NA
"0.0325299999717218",0.370384276012625,0.0014068073832845,0.379149607000342,0.0422281952449202,0.139801951670805,-0.6,50,500,2.5,1,4,NA,NA,NA
"0.0595066065625867",0.349839479388651,0.0295497044958691,0.38237307693014,0.0712669904719116,0.228258685960883,-0.3,50,500,2.5,1,4,NA,NA,NA
"0.0745906532091121",0.33391166861453,0.00881307776607466,0.374146381618896,0.0647192226452635,0.29589940396466,0,50,500,2.5,1,4,NA,NA,NA
"0.0782797115526984",0.326316147222385,0.0387727207763909,0.386565799588026,0.00249716877576273,0.31919943634035,0.3,50,500,2.5,1,4,NA,NA,NA
"0.0817999304823751",0.327852631414682,0.0292692327127236,0.398276172050248,-0.103958744928293,0.304386738418759,0.6,50,500,2.5,1,4,NA,NA,NA
"0.0219425869559798",0.350743459144232,0.0079429349031253,0.477404522240698,-0.0397211014225433,0.0927261483113438,0.9,50,500,2.5,1,4,NA,NA,NA
"0.409142382292466",1.91833018890436,0.681629106325075,3.04218551690657,0.0282128959913601,0.106416982970174,-0.9,60,500,2.4,1,2,NA,NA,NA
"0.287265273728842",1.07805891949783,0.376318995274477,1.41476592323906,0.0625825256859527,0.314850783596433,-0.6,60,500,2.4,1,2,NA,NA,NA
"0.23274375239993",0.992539577589563,0.483537832761022,2.64244082496744,0.128868078335031,0.523882239898854,-0.3,60,500,2.4,1,2,NA,NA,NA
"0.17957643627007",0.722117513646578,0.15217959784069,0.830778036292056,0.131734820620785,0.620721530939635,0,60,500,2.4,1,2,NA,NA,NA
"0.247452884739588",0.712407373666589,0.243416726740759,0.849263426198906,-0.0210165806361989,0.685982689406419,0.3,60,500,2.4,1,2,NA,NA,NA
"0.257038413336082",0.691348364027519,0.218127056049204,0.828906914890552,-0.100953595076828,0.571276786672874,0.6,60,500,2.4,1,2,NA,NA,NA
"0.179544274603576",0.65933829544195,0.230046327384619,0.862782098435892,-0.0899539476161344,0.210273099561371,0.9,60,500,2.4,1,2,NA,NA,NA
"0.42000430322763",1.99066124324055,0.651081612275872,2.94877834803273,0.0258203184823424,0.108146797522792,-0.9,60,500,2.5,1,2,NA,NA,NA
"0.288642670651138",1.1601809568819,0.377033570158301,1.48711229353363,0.0775313775580026,0.344852315506798,-0.6,60,500,2.5,1,2,NA,NA,NA
"0.190177455193457",0.860090808650823,0.164607202399954,0.949263751937864,0.158602026209821,0.528368243102744,-0.3,60,500,2.5,1,2,NA,NA,NA
"0.247166521682413",0.802296207757901,0.20326659688477,0.876888443898198,0.0996087207189096,0.648621596573219,0,60,500,2.5,1,2,NA,NA,NA
"0.305397042184166",0.802492975481105,0.287359925540292,0.942820651561863,-0.0535658642758241,0.689842666946384,0.3,60,500,2.5,1,2,NA,NA,NA
"0.265461042554631",0.719252473873414,0.223877990579948,0.853356555802739,-0.104285162163095,0.605811592768662,0.6,60,500,2.5,1,2,NA,NA,NA
"0.255280719375775",1.03911948230173,0.480499411479537,4.42334703898523,-0.0584546909332832,0.182213316475843,0.9,60,500,2.5,1,2,NA,NA,NA
"0.0894532326956385",0.48597098737014,0.0943579184583537,0.50002620005371,0.00606426759946705,0.0447317085095731,-0.9,60,500,2.4,1,3,NA,NA,NA
"0.0687055166694228",0.416506753347828,0.0660826973945638,0.433095316824933,0.0460793926972318,0.167870455717621,-0.6,60,500,2.4,1,3,NA,NA,NA
"0.054700616897386",0.38076300707937,0.0173579661864966,0.402337458519102,0.0903716625323402,0.275882533559045,-0.3,60,500,2.4,1,3,NA,NA,NA
"0.0766172496114558",0.37099070859405,0.0347652425754442,0.412713244640037,0.0835813310975164,0.372736708656316,0,60,500,2.4,1,3,NA,NA,NA
"0.0778502196407503",0.356671168283151,0.0371478931521938,0.405695161947848,-0.00765267264798849,0.392601071174161,0.3,60,500,2.4,1,3,NA,NA,NA
"0.109039074808622",0.358110559826901,0.0696127585341928,0.436401852888599,-0.0945011760960458,0.349009552961088,0.6,60,500,2.4,1,3,NA,NA,NA
"0.0701114141659945",0.377403459345146,0.059907913421109,0.501329486927408,-0.0474369037767516,0.107981993695274,0.9,60,500,2.4,1,3,NA,NA,NA
"0.0979086608391198",0.514042977259199,0.0736438933575237,0.507737024646162,0.00693889805007718,0.0456809932113911,-0.9,60,500,2.5,1,3,NA,NA,NA
"0.0256042185536771",0.421356932175647,-0.00428749845388269,0.4103294244267,0.073781034066105,0.178802615566771,-0.6,60,500,2.5,1,3,NA,NA,NA
"0.0716041751104945",0.403987434516595,0.0122735032580086,0.404856943204788,0.0871882941174886,0.289978060672235,-0.3,60,500,2.5,1,3,NA,NA,NA
"0.0854543161448664",0.388967597560229,0.0441922370419957,0.42287207244289,0.076269050957181,0.361185598964492,0,60,500,2.5,1,3,NA,NA,NA
"0.125546362735753",0.383959481069449,0.0658641835529458,0.434275908026448,-0.0262650592451706,0.397832756145155,0.3,60,500,2.5,1,3,NA,NA,NA
"0.124195013046669",0.3783700160954,0.0770842055912583,0.44775740045435,-0.0932719226367776,0.363115204928427,0.6,60,500,2.5,1,3,NA,NA,NA
"0.0764569950143338",0.39398285524449,0.062914319982516,0.515533228588033,-0.0454615496970517,0.103342036157044,0.9,60,500,2.5,1,3,NA,NA,NA
"0.0252599980035339",0.364846996786364,0.0154230913047235,0.369898469603562,0.007576123976968,0.0353168857664311,-0.9,60,500,2.4,1,4,NA,NA,NA
"0.0209861494147406",0.321003976041679,0.00478882265996717,0.339839259689587,0.0280407631438114,0.123368826061231,-0.6,60,500,2.4,1,4,NA,NA,NA
"0.0426731141249407",0.30203916896753,0.0203645785572159,0.335727434611074,0.0603835731022183,0.204235843341848,-0.3,60,500,2.4,1,4,NA,NA,NA
"0.0501133206514986",0.28805740195935,-0.00127741959008271,0.325810674339706,0.0579167273464549,0.256677847981442,0,60,500,2.4,1,4,NA,NA,NA
"0.0573964764551623",0.280999187192559,0.0267958400535117,0.339806862493344,0.00201374132796872,0.288270598700611,0.3,60,500,2.4,1,4,NA,NA,NA
"0.0386568714554206",0.281175159314245,0.00142833500459958,0.343014050862959,-0.101297676273156,0.26770418132525,0.6,60,500,2.4,1,4,NA,NA,NA
"0.0476645245507178",0.304444920768653,0.0363041702928612,0.428275751544096,-0.0358842232232417,0.0808588227679393,0.9,60,500,2.4,1,4,NA,NA,NA
"0.04116513274137",0.381022682860424,0.0326418357460959,0.380535387598881,0.00692961608675696,0.0352462089761072,-0.9,60,500,2.5,1,4,NA,NA,NA
"0.0510344681516553",0.339875439093271,0.0377957311445692,0.354614308552034,0.0327917866935631,0.12841361167576,-0.6,60,500,2.5,1,4,NA,NA,NA
"0.0458512477738559",0.316170607095087,0.0293007299262793,0.343287371063384,0.0600537123424493,0.210793066745881,-0.3,60,500,2.5,1,4,NA,NA,NA
"0.0416271876296479",0.298143041479529,0.0108218192493764,0.335186576965253,0.0499749584251075,0.26736797214554,0,60,500,2.5,1,4,NA,NA,NA
"0.0688285958334265",0.295211099349125,0.029011026560423,0.347215321279142,-0.00170672988281126,0.29901932167433,0.3,60,500,2.5,1,4,NA,NA,NA
"0.0879151249027057",0.297204753656767,0.0201701519010224,0.356975081014423,-0.0804145736990688,0.268223242607282,0.6,60,500,2.5,1,4,NA,NA,NA
"0.0304367641047026",0.316615628717327,0.0456691950658598,0.435940840661201,-0.0415356456427395,0.0829601262617148,0.9,60,500,2.5,1,4,NA,NA,NA
"0.444009569509163",1.66737230828983,0.675950220514365,2.52491414943659,0.0190211439757545,0.0918843049861363,-0.9,70,500,2.4,1,2,NA,NA,NA
"0.156824882286822",0.8626697653748,0.210949868844625,0.994374597561911,0.0877352241798284,0.295873835599478,-0.6,70,500,2.4,1,2,NA,NA,NA
"0.166126381128769",0.712690733451779,0.165446448648567,0.787743488284215,0.119214380273252,0.460788652254832,-0.3,70,500,2.4,1,2,NA,NA,NA
"0.180725719055195",0.66363126948503,0.172134976226247,0.790593138644439,0.0803061425088178,0.558338836380706,0,70,500,2.4,1,2,NA,NA,NA
"0.180531057853122",0.596578211305676,0.136476826307109,0.666567463361246,0.00365207230536928,0.609353922904273,0.3,70,500,2.4,1,2,NA,NA,NA
"0.210637319989107",0.587017488810626,0.176109645313359,0.691970321875124,-0.119987980268923,0.520353174336535,0.6,70,500,2.4,1,2,NA,NA,NA
"0.126984599217188",0.557904228950793,0.145045359991936,0.702874359223722,-0.0592847760305182,0.157822802127511,0.9,70,500,2.4,1,2,NA,NA,NA
"0.506360029121971",1.89300832535984,0.794003329183554,2.91539353381799,0.0143805871063909,0.0919585183632093,-0.9,70,500,2.5,1,2,NA,NA,NA
"0.146357527856449",0.884480928051731,0.173873364654278,0.922562746244067,0.0977549713596988,0.308626087460951,-0.6,70,500,2.5,1,2,NA,NA,NA
"0.133459952237635",0.737005567540107,0.121965220127687,0.74712879075136,0.136821786921863,0.474102649848901,-0.3,70,500,2.5,1,2,NA,NA,NA
"0.184937040535873",0.680952614149151,0.173059076985006,0.736471854110843,0.0888929672565164,0.583435926984047,0,70,500,2.5,1,2,NA,NA,NA
"0.203323717874671",0.649976477548386,0.15662191723584,0.715600774008377,-0.0258528311104954,0.593097937641142,0.3,70,500,2.5,1,2,NA,NA,NA
"0.23012728981861",0.621896559000846,0.182870587447661,0.710929313995026,-0.111218349798781,0.548659675273373,0.6,70,500,2.5,1,2,NA,NA,NA
"0.141422678183822",0.607822821637979,0.189906202565292,0.767488615425043,-0.0649620607027414,0.158882174460931,0.9,70,500,2.5,1,2,NA,NA,NA
"0.0402078702861429",0.435344827646748,0.0564702587748151,0.437666934357519,0.0098964332453537,0.0419089061066141,-0.9,70,500,2.4,1,3,NA,NA,NA
"0.0424875548407973",0.372362180759136,-7.29785028215282e-05,0.367019249029567,0.043259770332472,0.153034420498946,-0.6,70,500,2.4,1,3,NA,NA,NA
"0.043890772006039",0.347332881458711,0.0341453066984936,0.370182726173291,0.0887284963804073,0.260035119273675,-0.3,70,500,2.4,1,3,NA,NA,NA
"0.0548639959825717",0.331311850995242,0.027682164214256,0.366480940672333,0.0788780492047596,0.334024029472325,0,70,500,2.4,1,3,NA,NA,NA
"0.0697826773698468",0.326735587628692,0.0372402317199644,0.377597509655797,0.0106909919845255,0.360009948326931,0.3,70,500,2.4,1,3,NA,NA,NA
"0.0955537457190821",0.323261018911121,0.0539185429521585,0.391318938967039,-0.0869130586954314,0.32578935668108,0.6,70,500,2.4,1,3,NA,NA,NA
"0.0466030423317226",0.333704841769196,0.0283703846174304,0.43886391726028,-0.0463658158495714,0.0947560476083655,0.9,70,500,2.4,1,3,NA,NA,NA
"0.0558199689672054",0.458375522432821,0.0469149074905352,0.444389136123209,0.00885974828290872,0.0423260335692777,-0.9,70,500,2.5,1,3,NA,NA,NA
"0.0825238398201906",0.40561459764662,0.053888577351529,0.400520182601001,0.0348636025579512,0.156325247415413,-0.6,70,500,2.5,1,3,NA,NA,NA
"0.0372463194442257",0.360777495343388,0.0112047900313492,0.365954491206919,0.0769802738322581,0.259174747190069,-0.3,70,500,2.5,1,3,NA,NA,NA
"0.0800162702820413",0.351128920136131,0.033831008450864,0.371131138522194,0.0594656574995559,0.335318802981785,0,70,500,2.5,1,3,NA,NA,NA
"0.0798310930653581",0.344142355360351,0.0356970899841515,0.382007346087315,-0.0135952764862871,0.367617781992926,0.3,70,500,2.5,1,3,NA,NA,NA
"0.0857887591106485",0.337416343256574,0.0681147196853191,0.401517348793936,-0.0867300640660398,0.327492893406737,0.6,70,500,2.5,1,3,NA,NA,NA
"0.0459087241714758",0.352382546659545,0.0239667882618977,0.448681620736248,-0.0451368825439948,0.0935087548765844,0.9,70,500,2.5,1,3,NA,NA,NA
"0.0269532283404366",0.333101192494347,0.00619949449211331,0.336954929812561,0.00744013855657201,0.032243364529066,-0.9,70,500,2.4,1,4,NA,NA,NA
"0.0168996024753503",0.296519444011163,0.00259138304746438,0.310875575078304,0.0293597528617605,0.112923921498724,-0.6,70,500,2.4,1,4,NA,NA,NA
"0.0460115562028977",0.27726844855646,0.0186049429310688,0.30640856536692,0.0751028550968212,0.190638209783689,-0.3,70,500,2.4,1,4,NA,NA,NA
"0.047428926857478",0.26511974741019,0.0242698472590892,0.305213966801107,0.0394715645255125,0.238255290183189,0,70,500,2.4,1,4,NA,NA,NA
"0.0293605615664938",0.254736350646846,-0.00275985132585586,0.303286929199314,0.00665174337071996,0.273477248095742,0.3,70,500,2.4,1,4,NA,NA,NA
"0.0541275663678338",0.257937344703491,0.0193252754668846,0.318037317326623,-0.0911980857870159,0.252107767170206,0.6,70,500,2.4,1,4,NA,NA,NA
"0.0129447681661591",0.276113289002809,-0.0170818779855439,0.376213908746944,-0.0307711097612786,0.0691252373116898,0.9,70,500,2.4,1,4,NA,NA,NA
"0.012828871603596",0.344036859642778,0.00385371329701078,0.340883704023498,0.00705959439874837,0.0330448430342966,-0.9,70,500,2.5,1,4,NA,NA,NA
"0.033821690586871",0.310972347683163,0.0149478303601652,0.319864884381611,0.0358084996312171,0.119389682005476,-0.6,70,500,2.5,1,4,NA,NA,NA
"0.0635617169854301",0.293963944777672,0.0352614379463986,0.315751557654113,0.0388926160625002,0.189915044921262,-0.3,70,500,2.5,1,4,NA,NA,NA
"0.046716964895845",0.276260169387539,0.0281258145216179,0.311242114857369,0.0611411315488261,0.251941350983357,0,70,500,2.5,1,4,NA,NA,NA
"0.0618241504853247",0.270831873454062,0.0186958104048663,0.313893269185612,-0.0197408067210201,0.267166699128605,0.3,70,500,2.5,1,4,NA,NA,NA
"0.0621066480454612",0.269483628928269,0.0039447826413558,0.324345560235303,-0.0640621321762233,0.242093027789798,0.6,70,500,2.5,1,4,NA,NA,NA
"0.0438692008331548",0.295153850117187,0.0302465255922088,0.401477972724761,-0.0271911508628351,0.067998837487708,0.9,70,500,2.5,1,4,NA,NA,NA
"0.448274838883965",1.56369183250879,0.675487704169869,2.42506890945376,0.00789500148197853,0.0792350707637475,-0.9,80,500,2.4,1,2,NA,NA,NA
"0.137172482789875",0.752457816629766,0.156686141697077,0.802689370485895,0.0849897357163883,0.273151070832188,-0.6,80,500,2.4,1,2,NA,NA,NA
"0.0808647322351448",0.602120445166464,0.0861666826762604,0.624428487383611,0.125763333454051,0.430921084462534,-0.3,80,500,2.4,1,2,NA,NA,NA
"0.152879300930368",0.565850170857537,0.116090721959743,0.613673900041539,0.0846803016590682,0.535056042460224,0,80,500,2.4,1,2,NA,NA,NA
"0.161431015850997",0.532316476259184,0.124132150413647,0.588236712014118,0.00500576411686967,0.551439252443136,0.3,80,500,2.4,1,2,NA,NA,NA
"0.212611891190341",0.516954899787048,0.166881183213932,0.607397896444743,-0.100695225676097,0.457973737682266,0.6,80,500,2.4,1,2,NA,NA,NA
"0.158708631986738",0.517690780648285,0.149023404064761,0.652465026826948,-0.0511004543014038,0.128453497511954,0.9,80,500,2.4,1,2,NA,NA,NA
"0.330793967955155",1.46716872662633,0.458919172810695,1.93770641796609,0.0122372986144083,0.083322886062934,-0.9,80,500,2.5,1,2,NA,NA,NA
"0.246950459677603",0.923017399704018,0.349144442858658,1.3736353847318,0.0724009096323015,0.270833121692168,-0.6,80,500,2.5,1,2,NA,NA,NA
"0.1594893829909",0.683167070301704,0.161033119460183,0.711021502083477,0.129774160017145,0.43699201397411,-0.3,80,500,2.5,1,2,NA,NA,NA
"0.18108735741856",0.626259257054093,0.159903354752154,0.699830846696811,0.066707137801437,0.53700724455996,0,80,500,2.5,1,2,NA,NA,NA
"0.203158926508603",0.580166992588872,0.147553479791256,0.632282036703665,-0.0219990684091279,0.561630623301714,0.3,80,500,2.5,1,2,NA,NA,NA
"0.196405747026049",0.550310556943219,0.171109420384339,0.632260933815594,-0.0760525529525104,0.482339226022452,0.6,80,500,2.5,1,2,NA,NA,NA
"0.118871345975806",0.534875578189861,0.153300569833617,0.656255120994471,-0.0567582782830716,0.135120170076499,0.9,80,500,2.5,1,2,NA,NA,NA
"0.0562492997107135",0.405824813525967,0.0455302696933901,0.39907857828998,0.00724933358198806,0.0381619428514817,-0.9,80,500,2.4,1,3,NA,NA,NA
"0.0458045411472981",0.345277216760435,0.0261529139259051,0.350334675253521,0.0349737912793938,0.142284991262763,-0.6,80,500,2.4,1,3,NA,NA,NA
"0.03414517636625",0.321225593164649,0.0225919157646008,0.337557897094799,0.0648843207148915,0.236793190471187,-0.3,80,500,2.4,1,3,NA,NA,NA
"0.043964023188121",0.306313369695592,0.0130211194566123,0.333210769522224,0.0682610762259005,0.303515584866098,0,80,500,2.4,1,3,NA,NA,NA
"0.084517130690136",0.303795511875725,0.044984866932896,0.349351114089621,-0.0074638198166913,0.332103961462776,0.3,80,500,2.4,1,3,NA,NA,NA
"0.0816681302469543",0.2971976511453,0.0396998953681165,0.353820389070071,-0.0863068505648565,0.291084367475174,0.6,80,500,2.4,1,3,NA,NA,NA
"0.0333095778553946",0.309613200583261,0.0270025414490955,0.407050841601051,-0.0335040576062756,0.0763080476947007,0.9,80,500,2.4,1,3,NA,NA,NA
"0.0769463360852129",0.426360063871289,0.0507597061527993,0.407420660498722,0.00363545091654862,0.0376233320964954,-0.9,80,500,2.5,1,3,NA,NA,NA
"0.0338134101184637",0.363177442816393,0.0355078351038388,0.359329318415749,0.047494598661613,0.148383246744491,-0.6,80,500,2.5,1,3,NA,NA,NA
"0.0557637057344079",0.341075112320858,0.0179322578790777,0.344165353319782,0.0727924296862607,0.239129492859456,-0.3,80,500,2.5,1,3,NA,NA,NA
"0.0750951638926604",0.325878922567099,0.0471872735661615,0.349055732457038,0.0440302846218307,0.310550275003102,0,80,500,2.5,1,3,NA,NA,NA
"0.0887510221917319",0.317203083913553,0.0477818064110256,0.356658410295767,-0.0126755840895633,0.341778421850382,0.3,80,500,2.5,1,3,NA,NA,NA
"0.104477686575493",0.314322908138518,0.0826092961006879,0.377166865892706,-0.0964622744172649,0.30562237015052,0.6,80,500,2.5,1,3,NA,NA,NA
"0.0434866044228267",0.325695295404324,0.0492921072705403,0.421060013029305,-0.0376210996498027,0.0804902617180075,0.9,80,500,2.5,1,3,NA,NA,NA
"0.0281814551497507",0.308075676828383,0.0123962955672363,0.313017450844824,0.00534861293224462,0.0293670325110436,-0.9,80,500,2.4,1,4,NA,NA,NA
"0.0433192343643733",0.276520647684219,0.0121020075414226,0.290264272385384,0.0194926754897322,0.104827307148982,-0.6,80,500,2.4,1,4,NA,NA,NA
"0.0243646982355301",0.255918255249929,0.0119894418367921,0.281886847718029,0.0520637755738674,0.178289233455463,-0.3,80,500,2.4,1,4,NA,NA,NA
"0.0515311725285005",0.246091907454081,0.0201993277155487,0.283209786016512,0.0569439494130174,0.22669375793121,0,80,500,2.4,1,4,NA,NA,NA
"0.0349753663462374",0.237679163740412,0.0143013335863339,0.283790323861574,-0.014766506684151,0.253147697271619,0.3,80,500,2.4,1,4,NA,NA,NA
"0.053256107113983",0.239736043462027,0.0294620806440133,0.299395188524489,-0.0597225274123917,0.223291280560627,0.6,80,500,2.4,1,4,NA,NA,NA
"0.0357096182729289",0.260927359420552,0.0290298640143255,0.363228874435496,-0.0249724931976562,0.0614590403682185,0.9,80,500,2.4,1,4,NA,NA,NA
"0.0270274148427979",0.326176473809848,0.0154345793344128,0.321919019963228,0.00748957836428935,0.0308935667524906,-0.9,80,500,2.5,1,4,NA,NA,NA
"0.00253944628090834",0.284858371185491,-0.0197516252461664,0.287715485871394,0.0373625711319941,0.11124648534797,-0.6,80,500,2.5,1,4,NA,NA,NA
"0.00476815545412319",0.265679550929359,-0.00377126794716764,0.281390298889815,0.0545972473139419,0.180242890950755,-0.3,80,500,2.5,1,4,NA,NA,NA
"0.0396222652934185",0.256623928821381,0.0127882486122811,0.288382041057467,0.0457006302451913,0.233483478548916,0,80,500,2.5,1,4,NA,NA,NA
"0.0559829813800012",0.250549290157774,0.0262796426729133,0.294310796031829,0.0124588135823833,0.261095404333894,0.3,80,500,2.5,1,4,NA,NA,NA
"0.049729841470503",0.250836542263727,0.00624155907730157,0.298950948112596,-0.0814692903571081,0.231319518536009,0.6,80,500,2.5,1,4,NA,NA,NA
"0.0115931535865518",0.269393956709153,0.00379137275519726,0.365625073684504,-0.0212890926929499,0.0588582549364957,0.9,80,500,2.5,1,4,NA,NA,NA
"0.262380648471395",1.20047499906216,0.398528977258184,1.5635361001584,0.0162025450550655,0.0777802429978444,-0.9,90,500,2.4,1,2,NA,NA,NA
"0.16497955049213",0.713122595000592,0.209175608793413,0.797023367271292,0.0561496172358417,0.240716050717333,-0.6,90,500,2.4,1,2,NA,NA,NA
"0.0675388952742231",0.553391676250713,0.0332362899634815,0.544334773311112,0.112046896304601,0.398913495620412,-0.3,90,500,2.4,1,2,NA,NA,NA
"0.121015037952371",0.513699442530674,0.0794570808275649,0.538832231503772,0.0880612776962491,0.469894187234553,0,90,500,2.4,1,2,NA,NA,NA
"0.16455365937199",0.489569641234393,0.11376815170898,0.535444227397588,-0.0166115830003235,0.517550117209071,0.3,90,500,2.4,1,2,NA,NA,NA
"0.147776807684401",0.45744630944431,0.136171460101679,0.534583887515218,-0.0875123210365005,0.425725034566053,0.6,90,500,2.4,1,2,NA,NA,NA
"0.108719278882982",0.460371653543914,0.110574079804062,0.567638931066083,-0.0347122281768761,0.104821384677356,0.9,90,500,2.4,1,2,NA,NA,NA
"0.363397275029203",1.37269783120016,0.485449778876163,1.79953098617577,0.0105818511540385,0.0758107799295766,-0.9,90,500,2.5,1,2,NA,NA,NA
"0.0964236309104489",0.717935361047239,0.151894223343986,0.817011898916798,0.0889916398436458,0.25816367186309,-0.6,90,500,2.5,1,2,NA,NA,NA
"0.134398040378287",0.609890771678545,0.126147216386155,0.618407085833536,0.0895667718361877,0.393527354981632,-0.3,90,500,2.5,1,2,NA,NA,NA
"0.164842505349863",0.553015437833733,0.144497128642512,0.58430768551185,0.0781907604037287,0.483517656509201,0,90,500,2.5,1,2,NA,NA,NA
"0.169700270603026",0.523295328594529,0.12563030777792,0.567573751169165,-0.0183054734729217,0.536097218591371,0.3,90,500,2.5,1,2,NA,NA,NA
"0.174712164079643",0.48539674584562,0.130994068521817,0.544136651656803,-0.0706850432658672,0.426373905210705,0.6,90,500,2.5,1,2,NA,NA,NA
"0.132359979301731",0.48732733547499,0.143359046963847,0.597400806644777,-0.0368948464179628,0.105033181136017,0.9,90,500,2.5,1,2,NA,NA,NA
"0.0786000489831803",0.382836049730594,0.0521872174380223,0.3760762416994,0.00384190302312064,0.034797422224314,-0.9,90,500,2.4,1,3,NA,NA,NA
"0.0476874929905407",0.325710780380465,0.038953486464378,0.330851985595532,0.0264663900709588,0.129972702241571,-0.6,90,500,2.4,1,3,NA,NA,NA
"0.0404913625867198",0.299196486246894,0.025008679923509,0.313095001596724,0.0733654285802951,0.220167596525435,-0.3,90,500,2.4,1,3,NA,NA,NA
"0.0598171277266342",0.287632730237181,0.0377099077417118,0.317345809514929,0.051732573109434,0.290004355993292,0,90,500,2.4,1,3,NA,NA,NA
"0.0834156740847901",0.283574410545158,0.0405812996920814,0.32378071524992,-0.0184071959605298,0.316567492413147,0.3,90,500,2.4,1,3,NA,NA,NA
"0.0570229847780554",0.271958742109315,0.0448002071960201,0.327499396931536,-0.0836809163297977,0.280237444824849,0.6,90,500,2.4,1,3,NA,NA,NA
"0.0444499121253295",0.289848385604773,0.0323112102794469,0.382328550888405,-0.0257969727633018,0.0667199504581964,0.9,90,500,2.4,1,3,NA,NA,NA
"0.0724499975839169",0.401003868431695,0.0539718399978596,0.386951377433713,0.00606995289493381,0.0358510566548013,-0.9,90,500,2.5,1,3,NA,NA,NA
"0.0396849605345007",0.34221247587532,0.0359105860791185,0.337235089747872,0.0213229275521511,0.130659743727901,-0.6,90,500,2.5,1,3,NA,NA,NA
"0.0445345431215457",0.318084955555625,0.0412902717204732,0.326377790396943,0.0597157167080985,0.222109169835992,-0.3,90,500,2.5,1,3,NA,NA,NA
"0.0726825238187187",0.305969382948238,0.0423878962422821,0.327872114438291,0.0481907653226618,0.289886295106457,0,90,500,2.5,1,3,NA,NA,NA
"0.0746210415945168",0.292795910189074,0.0284568064743907,0.326013188030514,0.00271419573188109,0.312678167199218,0.3,90,500,2.5,1,3,NA,NA,NA
"0.078273878834741",0.288333681992014,0.0574023306558265,0.339937247275054,-0.0840054183211804,0.271616635794077,0.6,90,500,2.5,1,3,NA,NA,NA
"0.0502251815761093",0.309295415745593,0.0323869478418664,0.391125840740327,-0.0222736592177952,0.0628281809711322,0.9,90,500,2.5,1,3,NA,NA,NA
"0.0312682082247679",0.294533841955958,0.00880542785960726,0.297031560286254,0.0043048621789664,0.0277190543196927,-0.9,90,500,2.4,1,4,NA,NA,NA
"0.0335571402797216",0.260891825325432,0.0385438243440827,0.280562344355826,0.0227038606431021,0.0991375188886234,-0.6,90,500,2.4,1,4,NA,NA,NA
"0.0257044469645465",0.242358501950643,0.0221596162712224,0.267466671197102,0.0267602402234204,0.161666275062067,-0.3,90,500,2.4,1,4,NA,NA,NA
"0.0310699760633448",0.231371433173136,0.0141858002870679,0.263168140005904,0.0358631608358997,0.213800099715475,0,90,500,2.4,1,4,NA,NA,NA
"0.0284698562403667",0.222768595744779,0.00490117796072301,0.264381456002122,-0.00668743325496747,0.235500145406294,0.3,90,500,2.4,1,4,NA,NA,NA
"0.0486827423367373",0.22509896873745,0.0151607566858057,0.278805802408066,-0.0699189170380041,0.213598241354719,0.6,90,500,2.4,1,4,NA,NA,NA
"0.0112663183143971",0.243605183501059,0.000908870013828573,0.336545354359474,-0.0193768900907858,0.0522254267263801,0.9,90,500,2.4,1,4,NA,NA,NA
"0.0453489801107074",0.305368515724366,0.0181025938461724,0.302047133282302,0.00458630958907556,0.0280523005390028,-0.9,90,500,2.5,1,4,NA,NA,NA
"0.00268584286531056",0.268871150757262,0.00284250265688878,0.275226395536193,0.0243990685636108,0.101868035817532,-0.6,90,500,2.5,1,4,NA,NA,NA
"0.0394610868738295",0.254246204391252,0.0102089332668847,0.270001233291363,0.0404922907454241,0.170628513175327,-0.3,90,500,2.5,1,4,NA,NA,NA
"0.028355802953381",0.239443589202174,0.00755287713206506,0.267358941726067,0.0584356196927096,0.22341117307623,0,90,500,2.5,1,4,NA,NA,NA
"0.0574693180482444",0.23649536559287,0.00832426917449049,0.274054812711124,0.0108116702294814,0.248721762220452,0.3,90,500,2.5,1,4,NA,NA,NA
"0.0365211669596388",0.23436637991977,0.0249426674441192,0.28386609018556,-0.0799489724951489,0.224898594524814,0.6,90,500,2.5,1,4,NA,NA,NA
"0.0130758598259662",0.254263185935291,0.0369504251213685,0.350297316177809,-0.0196559061341789,0.0527030395563642,0.9,90,500,2.5,1,4,NA,NA,NA
"0.314138167108301",1.15497350601812,0.453395905819966,1.50941336302127,0.0102028447110642,0.069857055994441,-0.9,100,500,2.4,1,2,NA,NA,NA
"0.103960047678028",0.638357864599604,0.12198267071626,0.66182032550324,0.0529645031866767,0.225168166890011,-0.6,100,500,2.4,1,2,NA,NA,NA
"0.0699565672212606",0.517155318199491,0.0465819819129088,0.513333794976939,0.0829877798704365,0.355691249458802,-0.3,100,500,2.4,1,2,NA,NA,NA
"0.0989696393574946",0.46683242728923,0.0747557460327743,0.494472060779018,0.0805964762064136,0.442469496203409,0,100,500,2.4,1,2,NA,NA,NA
"0.158759923770921",0.449097740473184,0.12193846486629,0.50546353854335,-0.00725750563295284,0.470726042521785,0.3,100,500,2.4,1,2,NA,NA,NA
"0.149273609000589",0.419189691890634,0.12096761649912,0.490129737821842,-0.0721159162463509,0.393496267424264,0.6,100,500,2.4,1,2,NA,NA,NA
"0.086647610207512",0.416587088849468,0.0987117177786965,0.512073800835352,-0.0360740605562732,0.0987806385769654,0.9,100,500,2.4,1,2,NA,NA,NA
"0.249362279604578",1.13139970274168,0.338752049337952,1.32803284954079,0.013135711755141,0.0714718113514721,-0.9,100,500,2.5,1,2,NA,NA,NA
"0.115931018461646",0.655300831195077,0.103221810301669,0.632427091100667,0.0572282101226725,0.230478249315473,-0.6,100,500,2.5,1,2,NA,NA,NA
"0.115268156765894",0.557195870420246,0.0790910882050455,0.542144748676491,0.0982306526927518,0.366143972389746,-0.3,100,500,2.5,1,2,NA,NA,NA
"0.117747828878798",0.493243018359009,0.0785864844416563,0.504884879513538,0.0954523068189663,0.455492413028853,0,100,500,2.5,1,2,NA,NA,NA
"0.190740429096878",0.482945606159252,0.135528778377082,0.516400077982241,-0.0316602519930109,0.491663443272441,0.3,100,500,2.5,1,2,NA,NA,NA
"0.127344565509001",0.443392108522593,0.112133525558353,0.493197555899527,-0.103549338783939,0.405953000681082,0.6,100,500,2.5,1,2,NA,NA,NA
"0.0975622921260181",0.453981193174782,0.103109334082018,0.542328219024116,-0.0346141396085463,0.0915978686380925,0.9,100,500,2.5,1,2,NA,NA,NA
"7.93702930715366e-05",0.343578986056341,-0.0205291944214889,0.326110728985099,0.00729902476234927,0.0336169704902057,-0.9,100,500,2.4,1,3,NA,NA,NA
"0.026252440219199",0.301492934168086,0.0245469970093986,0.305091863430636,0.0347408988586235,0.12298204828863,-0.6,100,500,2.4,1,3,NA,NA,NA
"0.0478815827693911",0.282447642171937,0.0246752508837184,0.296486244529247,0.0609147832607957,0.207925683679575,-0.3,100,500,2.4,1,3,NA,NA,NA
"0.0299964421310861",0.26889247168028,0.0122405525462977,0.291829012810093,0.0530063473066367,0.278364338124203,0,100,500,2.4,1,3,NA,NA,NA
"0.0500042567343356",0.262982193305043,0.00746498997884263,0.298068172006613,-0.00514931836861296,0.299517994697748,0.3,100,500,2.4,1,3,NA,NA,NA
"0.0454123361247407",0.256467517976937,0.0447374502112196,0.311136297596033,-0.0764388177882508,0.262371526116485,0.6,100,500,2.4,1,3,NA,NA,NA
"0.0458938875585042",0.27607030197632,0.0503264196460212,0.363950298542955,-0.0260259184813934,0.0640978775734359,0.9,100,500,2.4,1,3,NA,NA,NA
"0.0466981722643724",0.369378825405896,0.0487144934575048,0.353163263335234,0.00308193173444878,0.0328393230648817,-0.9,100,500,2.5,1,3,NA,NA,NA
"0.0372944729694962",0.31953761479767,0.0416534243686384,0.317311657049135,0.0202278407610845,0.123003920989437,-0.6,100,500,2.5,1,3,NA,NA,NA
"0.0456788611075051",0.298431770078396,0.0368252989337854,0.305970102680121,0.056886084350581,0.212326139246785,-0.3,100,500,2.5,1,3,NA,NA,NA
"0.0720664195889823",0.290415924598299,0.0330202443113857,0.306469645899321,0.0416678817186156,0.278430559272316,0,100,500,2.5,1,3,NA,NA,NA
"0.0701823345078452",0.277567802442959,0.0351309833538466,0.30873300433066,-0.00364858531744183,0.30470589247443,0.3,100,500,2.5,1,3,NA,NA,NA
"0.0574707328634332",0.269669795932057,0.0250567823150507,0.313072822196225,-0.0782678573752753,0.26552577676129,0.6,100,500,2.5,1,3,NA,NA,NA
"0.0365528530017679",0.286267874530228,0.0236454596947525,0.364663655856822,-0.0261433595977389,0.0614678961441826,0.9,100,500,2.5,1,3,NA,NA,NA
"0.0272681071994448",0.27850630124783,0.0159367284496762,0.281892312400345,0.00360317298456361,0.0261670497765634,-0.9,100,500,2.4,1,4,NA,NA,NA
"0.0179648079740694",0.243197401315347,0.00418028889836993,0.255512721394825,0.0182529654275921,0.0922307450134164,-0.6,100,500,2.4,1,4,NA,NA,NA
"0.0356111192383346",0.231179204601429,0.0251548007021048,0.25556341564418,0.0287803554303142,0.15724837536427,-0.3,100,500,2.4,1,4,NA,NA,NA
"0.0364960442628592",0.217980595273268,0.0256481393621841,0.250780135522917,0.0256665192101795,0.203176547842299,0,100,500,2.4,1,4,NA,NA,NA
"0.0240804549956792",0.210933501020707,-0.0129327277258986,0.246459348336012,-0.00164237871555782,0.234035639871473,0.3,100,500,2.4,1,4,NA,NA,NA
"0.0160988453913294",0.210611615942759,0.00713779634934104,0.259495307173376,-0.0534436437422227,0.206197736864395,0.6,100,500,2.4,1,4,NA,NA,NA
"-0.00331032203052678",0.227001028275013,-0.0123203856896392,0.311953215178181,-0.0170393552251723,0.0477096725272008,0.9,100,500,2.4,1,4,NA,NA,NA
"0.0144512028831121",0.288322622875048,0.0118535705383308,0.285370326227264,0.00603199919172758,0.0271480882045976,-0.9,100,500,2.5,1,4,NA,NA,NA
"0.0368224286313562",0.258722263677305,0.0254706182895829,0.267326570417451,0.0221197836145378,0.0950811456177286,-0.6,100,500,2.5,1,4,NA,NA,NA
"0.0155876304330845",0.237271982201386,-0.00709677296157188,0.249506406231212,0.0424273232797732,0.161256537178008,-0.3,100,500,2.5,1,4,NA,NA,NA
"0.0395071280817091",0.228046491551301,0.0204741128722541,0.253859043504669,0.0280480377616135,0.204389157901191,0,100,500,2.5,1,4,NA,NA,NA
"0.05887939616807",0.223773356522065,0.044361287302404,0.264664848693384,0.00455719475338817,0.228994447906321,0.3,100,500,2.5,1,4,NA,NA,NA
"0.045956446301326",0.219849835119943,-0.000229641410201963,0.263282745124847,-0.0483053829834751,0.203613962957422,0.6,100,500,2.5,1,4,NA,NA,NA
"0.0309628877105337",0.240767237223274,0.020900531794367,0.325799069484965,-0.0177193709898257,0.0496262505591117,0.9,100,500,2.5,1,4,NA,NA,NA
"0.247638304805439",0.936425975776101,0.357347034180998,1.14577276636216,0.00656892034783589,0.0606540055358447,-0.9,125,500,2.4,1,2,NA,NA,NA
"0.0908469990037628",0.543572068438927,0.119909924152743,0.574497356684364,0.0492224650101201,0.192879989985211,-0.6,125,500,2.4,1,2,NA,NA,NA
"0.115718779384477",0.458611413941232,0.101459846414052,0.469100828968866,0.047937995788787,0.303723751738984,-0.3,125,500,2.4,1,2,NA,NA,NA
"0.0876664003202399",0.406260644659691,0.0718429634537451,0.425335847558153,0.0616192967136015,0.390862747319373,0,125,500,2.4,1,2,NA,NA,NA
"0.12179360159169",0.377438113293663,0.0923067726777279,0.416227742242664,0.000650829859866049,0.404080024776302,0.3,125,500,2.4,1,2,NA,NA,NA
"0.127452295224943",0.353937023867197,0.122881274026725,0.412584321203076,-0.0664050201653647,0.33140005415885,0.6,125,500,2.4,1,2,NA,NA,NA
"0.0615712663151982",0.354802901962812,0.0494301676708003,0.425990661290521,-0.0214078749417666,0.0709648698161457,0.9,125,500,2.4,1,2,NA,NA,NA
"0.23438026613569",0.978254155887024,0.344747106327233,1.18939392068515,0.00878093273511024,0.0613765216406731,-0.9,125,500,2.5,1,2,NA,NA,NA
"0.0816723083695453",0.56366018303729,0.0899433589244122,0.539045686315337,0.0463953352077232,0.198908424898505,-0.6,125,500,2.5,1,2,NA,NA,NA
"0.0297689960870678",0.454459693655003,0.0436221998923325,0.444057819491946,0.107350247769558,0.325929004974137,-0.3,125,500,2.5,1,2,NA,NA,NA
"0.1187364642603",0.431376941477467,0.0911930678592539,0.439439387457212,0.0489848244496513,0.396238005968888,0,125,500,2.5,1,2,NA,NA,NA
"0.077237938799213",0.38816655944063,0.0361539198073402,0.401661310110911,0.0127457808781558,0.412928803071145,0.3,125,500,2.5,1,2,NA,NA,NA
"0.125327733677187",0.374408810928701,0.102572347079119,0.415221076355785,-0.073125804387516,0.338443577680486,0.6,125,500,2.5,1,2,NA,NA,NA
"0.0577105741374699",0.376662532990475,0.0777559722192852,0.447291381276514,-0.0325993696169343,0.0776043164781305,0.9,125,500,2.5,1,2,NA,NA,NA
"0.0461366238821085",0.309482330700688,0.040037707674412,0.306646422375278,0.00311424545955174,0.028441843587934,-0.9,125,500,2.4,1,3,NA,NA,NA
"0.0303216681760033",0.267356208510841,0.0114612929699283,0.267158961016816,0.0189760253005544,0.105275734035844,-0.6,125,500,2.4,1,3,NA,NA,NA
"0.0133111656967638",0.248199380167013,0.00836538196264244,0.258015697817799,0.056660047593526,0.182636685128944,-0.3,125,500,2.4,1,3,NA,NA,NA
"0.0352140039764605",0.239060653495718,0.034750103934638,0.262729859407139,0.0386563032844325,0.239235251770716,0,125,500,2.4,1,3,NA,NA,NA
"0.0255817683840132",0.228790069224703,-4.73128566640726e-05,0.255765937831184,-0.0161474957781732,0.269507527238673,0.3,125,500,2.4,1,3,NA,NA,NA
"0.0499454896962702",0.227411334018998,0.0235947607441931,0.269210552841923,-0.0629507660628824,0.232991286345824,0.6,125,500,2.4,1,3,NA,NA,NA
"0.0283016074332413",0.242365280136648,0.0285413482393932,0.319420920233821,-0.0165570391516868,0.0489745883923337,0.9,125,500,2.4,1,3,NA,NA,NA
"0.0502157628838623",0.331085078895374,0.0399779968072396,0.31372195641931,0.00182166447626708,0.0291430044574021,-0.9,125,500,2.5,1,3,NA,NA,NA
"0.0347609316502201",0.283479421387568,0.0202652683408281,0.275754327903324,0.0180468166388002,0.10848164060587,-0.6,125,500,2.5,1,3,NA,NA,NA
"0.0308822751378848",0.261351974417591,0.0129235803178966,0.265749008549423,0.0488472430686673,0.18392617018285,-0.3,125,500,2.5,1,3,NA,NA,NA
"0.0577557700054666",0.251222065035401,0.0320759696567156,0.266699989025678,0.0450914726175962,0.245111768194474,0,125,500,2.5,1,3,NA,NA,NA
"0.0642889771160118",0.244882765429825,0.0386047265478747,0.2713939610653,-0.00266305209654127,0.276841507345134,0.3,125,500,2.5,1,3,NA,NA,NA
"0.0494069267718715",0.236688686805521,0.0346101553012249,0.277168227188059,-0.0786740931675103,0.237912617485993,0.6,125,500,2.5,1,3,NA,NA,NA
"0.00783986935530377",0.250255114482993,-0.00879782689535655,0.312542843009099,-0.0195710420609775,0.0505833588099305,0.9,125,500,2.5,1,3,NA,NA,NA
"0.0252584468260123",0.243826056083147,0.0185364363553968,0.249233218302122,0.00265489612885731,0.0228667384278363,-0.9,125,500,2.4,1,4,NA,NA,NA
"0.00422568399574479",0.217384414436896,-0.0031238602470077,0.227189924600177,0.0171892805675215,0.0820666840427591,-0.6,125,500,2.4,1,4,NA,NA,NA
"0.0212959189018324",0.202915483053693,0.00678081674354958,0.219405406434624,0.0181046193338161,0.136089631131035,-0.3,125,500,2.4,1,4,NA,NA,NA
"0.0236377067765266",0.193940151254585,-0.00477192787464292,0.218651007766792,0.0222844644392058,0.179958913496839,0,125,500,2.4,1,4,NA,NA,NA
"0.0387074414048367",0.188100444809971,0.0153532843718341,0.222832850849711,0.00172159070188436,0.208050368395446,0.3,125,500,2.4,1,4,NA,NA,NA
"0.0293680261377582",0.187911183355361,0.0100358839368631,0.230881803086287,-0.046885732369511,0.182076766118968,0.6,125,500,2.4,1,4,NA,NA,NA
"0.0298517862859905",0.205858546157663,0.0093440076243901,0.282610950822603,-0.0129529641358776,0.0411223036472396,0.9,125,500,2.4,1,4,NA,NA,NA
"0.0368071084339297",0.257237545015522,0.027138843692058,0.25593435446565,0.00199045224156578,0.0233019684460313,-0.9,125,500,2.5,1,4,NA,NA,NA
"0.0113496966122781",0.227913544454622,0.00445266467188509,0.232952299115851,0.0206668856835864,0.0847584937850345,-0.6,125,500,2.5,1,4,NA,NA,NA
"0.0121320153097935",0.211172462732558,-0.0051137974525302,0.222132657297053,0.0338526420290582,0.142021518543313,-0.3,125,500,2.5,1,4,NA,NA,NA
"0.041477048774519",0.202660721847383,0.0143570083456382,0.224943783460546,0.0402955828157726,0.187809577122782,0,125,500,2.5,1,4,NA,NA,NA
"0.0370937421703074",0.196261606400061,0.0189103358721668,0.228139851052057,0.00608302206940195,0.209460889877602,0.3,125,500,2.5,1,4,NA,NA,NA
"0.0390343997231252",0.195629836696791,0.0319358437480209,0.239275481450194,-0.0579912632299257,0.184158639627054,0.6,125,500,2.5,1,4,NA,NA,NA
"0.0156983125225312",0.215108022915427,0.0211537545833819,0.290334098010188,-0.00853369275180354,0.0385658897059863,0.9,125,500,2.5,1,4,NA,NA,NA
"0.126562607914315",0.738957889721473,0.191930145610479,0.793346268510708,0.0112946076731257,0.0554775448481489,-0.9,150,500,2.4,1,2,NA,NA,NA
"0.0963655534031636",0.47661293769542,0.0952338375416338,0.46331424122466,0.0220243170045959,0.166768240574948,-0.6,150,500,2.4,1,2,NA,NA,NA
"0.0533070755895145",0.390625809043079,0.0524916190980623,0.390636791073854,0.0718817523115583,0.276807944933565,-0.3,150,500,2.4,1,2,NA,NA,NA
"0.0627720328150836",0.351040269095175,0.0365578505423821,0.360519180371473,0.0610124506414456,0.34811303340755,0,150,500,2.4,1,2,NA,NA,NA
"0.0970352275820337",0.330645315183604,0.0845936210747198,0.362919467356085,-0.00334661408357114,0.372630204788081,0.3,150,500,2.4,1,2,NA,NA,NA
"0.0735288704172785",0.303286553263233,0.071583440250654,0.344510118023944,-0.0612628189824619,0.291099584446758,0.6,150,500,2.4,1,2,NA,NA,NA
"0.0685987713428746",0.316827737210154,0.0829967624458963,0.389176040990462,-0.0147000888563694,0.0574386623028244,0.9,150,500,2.4,1,2,NA,NA,NA
"0.178689229923233",0.806113320126641,0.23397554465698,0.868823350279254,0.00761983662332464,0.0545405846665595,-0.9,150,500,2.5,1,2,NA,NA,NA
"0.0810571267863213",0.496147414264882,0.0818417110706064,0.471389727862421,0.0411333797850687,0.174771172340827,-0.6,150,500,2.5,1,2,NA,NA,NA
"0.0879443860624126",0.425581091484042,0.0531958247329335,0.405715913730382,0.0610966031465164,0.280437565672757,-0.3,150,500,2.5,1,2,NA,NA,NA
"0.0703982115293956",0.36874191545391,0.0442135155415465,0.368668228765662,0.0655290134678311,0.353851547417316,0,150,500,2.5,1,2,NA,NA,NA
"0.111330629077348",0.35630497876956,0.0811255238626297,0.377881208030578,-0.0295299395498489,0.380506334675497,0.3,150,500,2.5,1,2,NA,NA,NA
"0.101046142612108",0.322424697812689,0.0731213372770512,0.355034214352982,-0.0646453556128499,0.297141398199793,0.6,150,500,2.5,1,2,NA,NA,NA
"0.0877428971024252",0.339533195105944,0.0912938987355864,0.402038282567868,-0.017797392190552,0.0614500817445175,0.9,150,500,2.5,1,2,NA,NA,NA
"0.0280144883058829",0.277833044115617,0.0170809813637176,0.268879058154458,0.00262839462088359,0.0258812722204599,-0.9,150,500,2.4,1,3,NA,NA,NA
"0.0194488393469311",0.240670349850147,0.00844326017580857,0.239641688372445,0.0229841961960012,0.096916891630024,-0.6,150,500,2.4,1,3,NA,NA,NA
"0.0178906800953215",0.224263103321672,0.0156758851278767,0.234169869589653,0.029221171284877,0.162157038112931,-0.3,150,500,2.4,1,3,NA,NA,NA
"0.0279969210142507",0.215030818145373,0.0159613329535744,0.233188107357635,0.0169443797515668,0.216277894460613,0,150,500,2.4,1,3,NA,NA,NA
"0.0513224321315996",0.208578236025538,0.0301679324650789,0.237970605128229,-0.0190291263592051,0.248333033259192,0.3,150,500,2.4,1,3,NA,NA,NA
"0.0497952056101387",0.203666112384091,0.0413543361472947,0.245469371037611,-0.0659766707902345,0.209541672915797,0.6,150,500,2.4,1,3,NA,NA,NA
"0.0245016664813698",0.218469835014037,0.0208342518974833,0.286977573729327,-0.0100054399254745,0.0403409809516088,0.9,150,500,2.4,1,3,NA,NA,NA
"0.0329806320212883",0.295216426187689,0.0223897094113338,0.277799892292109,0.00383140422808307,0.0266745682131488,-0.9,150,500,2.5,1,3,NA,NA,NA
"0.0472140906457528",0.256985085655224,0.042186638599821,0.25286556587166,0.0080259610426158,0.0961156231754953,-0.6,150,500,2.5,1,3,NA,NA,NA
"0.0377696709248119",0.238257981953611,0.0245947384360404,0.240048445812661,0.0252391594516883,0.163097361554227,-0.3,150,500,2.5,1,3,NA,NA,NA
"0.0422642921429392",0.22657453289081,0.0176400806901277,0.238845468921696,0.0444380266748988,0.226633775899267,0,150,500,2.5,1,3,NA,NA,NA
"0.0685517166380226",0.220410488524107,0.0356217238447697,0.244613089895751,-0.0111105055062287,0.251515549856689,0.3,150,500,2.5,1,3,NA,NA,NA
"0.0454951620298333",0.212050357042749,0.0227283268060246,0.246731947475201,-0.0694539883088862,0.213944610544545,0.6,150,500,2.5,1,3,NA,NA,NA
"0.0172662994605629",0.228969073898632,0.00925138344836913,0.289540114208556,-0.00942530623790765,0.0390408653845992,0.9,150,500,2.5,1,3,NA,NA,NA
"0.0220114660921891",0.222879865213227,0.0209314582926827,0.228033149212159,0.00158795662238704,0.0206988715248192,-0.9,150,500,2.4,1,4,NA,NA,NA
"0.0101964200262288",0.197253410134517,0.00403510523944309,0.206768277097478,0.00824915856723806,0.073230158742331,-0.6,150,500,2.4,1,4,NA,NA,NA
"0.0110283512546677",0.184572651180947,0.00444041767732754,0.20105205820574,0.0342815288536778,0.127494069298888,-0.3,150,500,2.4,1,4,NA,NA,NA
"0.0215886125210092",0.174405456243391,0.00524046197510084,0.197985118835574,0.0317003769714974,0.164951263190211,0,150,500,2.4,1,4,NA,NA,NA
"0.0291112760000121",0.170105817848322,-0.000243074415820516,0.199905760683143,0.00822443840708502,0.18642075617518,0.3,150,500,2.4,1,4,NA,NA,NA
"0.0172664980937218",0.16958206873485,0.00403207040167765,0.208095259515837,-0.0456591777214019,0.166523491470116,0.6,150,500,2.4,1,4,NA,NA,NA
"-0.00442971112740185",0.185312707655228,-0.0146943178440606,0.251961392085442,-0.011282443568062,0.0360098186731276,0.9,150,500,2.4,1,4,NA,NA,NA
"-0.00162906430589278",0.229238937737294,-0.00987850513204992,0.223715762576801,0.00316404231600389,0.021250100755039,-0.9,150,500,2.5,1,4,NA,NA,NA
"0.0239433097083858",0.20587020912718,0.0236003801904542,0.213737557504393,0.009473568476073,0.0744038380584395,-0.6,150,500,2.5,1,4,NA,NA,NA
"0.0186352220120508",0.193637254094439,0.00879494542349899,0.205214395950289,0.0279413412189714,0.129446265706355,-0.3,150,500,2.5,1,4,NA,NA,NA
"0.0293522734198843",0.184068870766998,0.0154090393893666,0.203702491815198,0.0269796203270677,0.171062611592973,0,150,500,2.5,1,4,NA,NA,NA
"0.0133081721244885",0.175341762292423,-0.0134214231914185,0.200497506292893,0.0102360802233915,0.188009880665037,0.3,150,500,2.5,1,4,NA,NA,NA
"0.0333626060000615",0.177520731097723,0.0127940799865599,0.213545088390484,-0.0447732233738017,0.166602311317649,0.6,150,500,2.5,1,4,NA,NA,NA
"0.0115331262736489",0.19472131555634,0.0195016306411483,0.263525287583506,-0.0100737760010956,0.0359427261840049,0.9,150,500,2.5,1,4,NA,NA,NA
"0.0879499724723828",0.598111541461909,0.123494405204367,0.594578467104555,0.00689795807337916,0.0461842849991704,-0.9,200,500,2.4,1,2,NA,NA,NA
"0.0513782180739776",0.386349696045438,0.0641183476962217,0.375546993122577,0.0244978677331911,0.139904401003803,-0.6,200,500,2.4,1,2,NA,NA,NA
"0.0538559856578528",0.330554259257433,0.0474755151752534,0.325845504771977,0.0380277723586569,0.224104160405553,-0.3,200,500,2.4,1,2,NA,NA,NA
"0.051960833209961",0.29495170858568,0.0452039369076021,0.305799922997138,0.0380000995592549,0.293228223404721,0,200,500,2.4,1,2,NA,NA,NA
"0.0644701163241759",0.267993920735831,0.0471644267568057,0.288804763672512,-0.00714414729284749,0.307571046615806,0.3,200,500,2.4,1,2,NA,NA,NA
"0.0701751238877372",0.25224738123635,0.045658319752195,0.284473720633064,-0.0661692234989124,0.245624028066331,0.6,200,500,2.4,1,2,NA,NA,NA
"0.0482723482641955",0.263195563509452,0.0322509523214197,0.310703679617796,-0.00990549473445223,0.0435630319383184,0.9,200,500,2.4,1,2,NA,NA,NA
"0.13764537436618",0.64459873055659,0.144063750668981,0.615661699500657,0.00589126189968315,0.0464335386719572,-0.9,200,500,2.5,1,2,NA,NA,NA
"0.0557142439466697",0.40754754800651,0.0576702204706047,0.379053254645967,0.0247479705562846,0.142119384412936,-0.6,200,500,2.5,1,2,NA,NA,NA
"0.0582470517112104",0.345734063688062,0.0439870821611053,0.328399839722668,0.0489025171369917,0.23412566375933,-0.3,200,500,2.5,1,2,NA,NA,NA
"0.064098779996988",0.317559794108385,0.0482876233480862,0.314620607171442,0.0244686318372742,0.300330375511545,0,200,500,2.5,1,2,NA,NA,NA
"0.0885236397118298",0.287590460284454,0.0467684535321879,0.296812318627321,-0.00628523372501443,0.31662467622374,0.3,200,500,2.5,1,2,NA,NA,NA
"0.0700998393763757",0.267457773517872,0.060562999865521,0.29570613005606,-0.0622828798491363,0.255401650231011,0.6,200,500,2.5,1,2,NA,NA,NA
"0.0589726626513644",0.283256248689937,0.0489239672219194,0.326820817878721,-0.0122713947860276,0.0460739751965265,0.9,200,500,2.5,1,2,NA,NA,NA
"0.0334799830944716",0.237672429209016,0.0229402792093633,0.230899320171908,0.00199857877004658,0.0219803185427798,-0.9,200,500,2.4,1,3,NA,NA,NA
"0.0201082121183979",0.205106033774436,0.0143886467504688,0.204595124925484,0.0082043942673754,0.0798768293039837,-0.6,200,500,2.4,1,3,NA,NA,NA
"0.0203524735149876",0.19275243752641,0.023702224204036,0.201682055638565,0.0285248441896725,0.138282942406789,-0.3,200,500,2.4,1,3,NA,NA,NA
"0.0186814711158187",0.184145978544047,0.013866719848489,0.1995755065151,0.019260862142546,0.188216240626566,0,200,500,2.4,1,3,NA,NA,NA
"0.0282624453076954",0.176047829934599,0.00605820292522818,0.198325471008544,-0.00197837889488092,0.214800544529546,0.3,200,500,2.4,1,3,NA,NA,NA
"0.0410409342308447",0.173640364765873,0.0291850666433952,0.207613122499959,-0.0538077020613072,0.180325121983367,0.6,200,500,2.4,1,3,NA,NA,NA
"0.0223479988081881",0.186463128227256,0.0248003977058992,0.244465554659158,-0.0112132308068285,0.0346998765341712,0.9,200,500,2.4,1,3,NA,NA,NA
"0.0225384121850131",0.24750955738295,0.00450097026781431,0.230229924327328,0.00304483030919619,0.0224567014300262,-0.9,200,500,2.5,1,3,NA,NA,NA
"0.0147771043828353",0.217893193076965,0.0172158571215818,0.211368978669499,0.0136801537126116,0.0829704730199445,-0.6,200,500,2.5,1,3,NA,NA,NA
"0.0251789941721626",0.203814301399042,0.0227661334139853,0.205655420415798,0.0119928794047697,0.140075971086663,-0.3,200,500,2.5,1,3,NA,NA,NA
"0.0206310597084452",0.192759557051347,0.015467971281267,0.203649038371293,0.032298529516092,0.19419327688845,0,200,500,2.5,1,3,NA,NA,NA
"0.0338587965840776",0.18656592434787,0.0221634458540989,0.206769013202383,0.00106125488190995,0.219365249160622,0.3,200,500,2.5,1,3,NA,NA,NA
"0.0314592186301995",0.179680693474434,0.0124064051385936,0.208179065205402,-0.0421202182292437,0.173449717904776,0.6,200,500,2.5,1,3,NA,NA,NA
"0.0179171228504294",0.195080600332032,0.0152507579421489,0.246844574967615,-0.0134378441395277,0.0356239622741395,0.9,200,500,2.5,1,3,NA,NA,NA
"0.0139319126389543",0.19125922377552,0.0150932777942324,0.194796620372453,0.000950480621348272,0.0177792911986133,-0.9,200,500,2.4,1,4,NA,NA,NA
"0.00295460783589681",0.169269141610591,0.00212235960463188,0.177218048183322,0.0122128705539002,0.0633647297572737,-0.6,200,500,2.4,1,4,NA,NA,NA
"0.00858691680184064",0.15950153704784,0.0112970127805817,0.173687167910437,0.0153292614644269,0.108871468819247,-0.3,200,500,2.4,1,4,NA,NA,NA
"0.0139472668828695",0.150633317552125,0.00222467188473142,0.16948098974533,0.0164973853434154,0.143106691134955,0,200,500,2.4,1,4,NA,NA,NA
"0.00607685686930941",0.144481009213752,-0.015657225243712,0.168288977630444,0.00744866152105862,0.165287813383657,0.3,200,500,2.4,1,4,NA,NA,NA
"0.00642242221042259",0.14552726872572,-0.000957407912279176,0.178368617281633,-0.0350522046704579,0.14156600276003,0.6,200,500,2.4,1,4,NA,NA,NA
"0.0109948532304657",0.161670597632002,0.007711997510657,0.221117871414248,-0.00789814147770111,0.029515343251587,0.9,200,500,2.4,1,4,NA,NA,NA
"0.000253224142836154",0.197645785264733,-0.00726501920512705,0.193797717035818,0.00262392724439116,0.0183307067853869,-0.9,200,500,2.5,1,4,NA,NA,NA
"0.00248724180534039",0.177893389287992,-0.00250176047141869,0.179855267561854,0.0146719674797764,0.0654214743362893,-0.6,200,500,2.5,1,4,NA,NA,NA
"0.00114472204029988",0.166190368676382,0.000351908720909189,0.175042034883823,0.0199080537499669,0.111633207111506,-0.3,200,500,2.5,1,4,NA,NA,NA
"0.0227447245272296",0.158453820315613,0.0127414263870148,0.174718515671795,0.0130255845470506,0.146568526187057,0,200,500,2.5,1,4,NA,NA,NA
"0.0339122365925377",0.153105341893986,0.0275221215411448,0.178645543668563,-0.00926258091727207,0.169704241450365,0.3,200,500,2.5,1,4,NA,NA,NA
"0.0228088877575416",0.152455151532874,0.00671875809639708,0.182909610354356,-0.0332031525558533,0.144527936393735,0.6,200,500,2.5,1,4,NA,NA,NA
"0.0114216579827521",0.168347314525182,0.0214710261081452,0.227062072112971,-0.00683654446282234,0.0290930143735497,0.9,200,500,2.5,1,4,NA,NA,NA
"0.0776411314451536",0.4640741780565,0.0909407155299913,0.448687369805299,0.00371348250668205,0.0361451267994422,-0.9,300,500,2.4,1,2,NA,NA,NA
"0.035661655833644",0.302997643110048,0.0321744102013523,0.285350583823241,0.0187575217431103,0.1106637751801,-0.6,300,500,2.4,1,2,NA,NA,NA
"0.0119724344725925",0.251381061557339,0.000144637481899135,0.241179484783395,0.0383670034424992,0.180579121519482,-0.3,300,500,2.4,1,2,NA,NA,NA
"0.0329198166605724",0.22966308257393,0.025869343781967,0.234635799991875,0.035527233704312,0.237490705737664,0,300,500,2.4,1,2,NA,NA,NA
"0.0679519039057016",0.213601805718796,0.0613858127111063,0.233237220408386,-0.0196242679670298,0.256338386623767,0.3,300,500,2.4,1,2,NA,NA,NA
"0.0530506790965297",0.191900007798983,0.034575883891448,0.216510774239844,-0.0406877464045305,0.185680754207804,0.6,300,500,2.4,1,2,NA,NA,NA
"0.0347113313477599",0.205947366012798,0.021271850114127,0.243784236390528,-0.00665700049601376,0.032323059095221,0.9,300,500,2.4,1,2,NA,NA,NA
"0.0900856476560419",0.492648375674093,0.112069519887733,0.459700389998139,0.0033389280010832,0.0367973517361135,-0.9,300,500,2.5,1,2,NA,NA,NA
"0.0146082693790888",0.313760715444731,0.0242583578243971,0.286071189028261,0.0244348638296664,0.113166661956373,-0.6,300,500,2.5,1,2,NA,NA,NA
"0.0328056199641498",0.269689322560486,0.0306497182186065,0.254149569851749,0.0379761926858688,0.183197374306028,-0.3,300,500,2.5,1,2,NA,NA,NA
"0.0395111776667058",0.244209083903068,0.0349065737811271,0.242122983400863,0.0370661959995839,0.241301616181187,0,300,500,2.5,1,2,NA,NA,NA
"0.0555939348650353",0.222790593811363,0.0451328862875519,0.233048597980633,-0.0241917641834497,0.259108111281405,0.3,300,500,2.5,1,2,NA,NA,NA
"0.051386899117236",0.203738681634853,0.0422754340781106,0.222594562336779,-0.0490035364301708,0.19004119146101,0.6,300,500,2.5,1,2,NA,NA,NA
"0.0378074196189254",0.219671116353219,0.036389442444858,0.25285137802612,-0.00471753581758369,0.0322548053399805,0.9,300,500,2.5,1,2,NA,NA,NA
"0.027648550450103",0.190731525219141,0.0200711163384076,0.185009617189927,-9.61059326218224e-05,0.0173444712880073,-0.9,300,500,2.4,1,3,NA,NA,NA
"0.0193675346061219",0.166179579965365,0.0162455548939322,0.166463871928787,0.00712100488166094,0.06485253715975,-0.6,300,500,2.4,1,3,NA,NA,NA
"0.00903372642980194",0.155423718729081,0.00256153839411162,0.15939550413666,0.0187192238824071,0.111178784001558,-0.3,300,500,2.4,1,3,NA,NA,NA
"0.0236447392247799",0.148618971202724,0.0152748107037479,0.160363348312842,0.013485524752811,0.152922218558248,0,300,500,2.4,1,3,NA,NA,NA
"0.0277793138225293",0.142137769717107,0.0127816125600777,0.161427923145597,-0.00337718105781507,0.174401956702979,0.3,300,500,2.4,1,3,NA,NA,NA
"0.0128549053618893",0.137637075493919,0.0150394070716384,0.163994794289389,-0.0306090604985696,0.139843610727357,0.6,300,500,2.4,1,3,NA,NA,NA
"0.0129541722851065",0.15039677970105,0.00492294721007146,0.194959961598662,-0.00604664208337582,0.0255404720814025,0.9,300,500,2.4,1,3,NA,NA,NA
"0.00805148511680317",0.199373705465119,0.00570322591673801,0.185897150336926,0.00226035590499326,0.018084949650906,-0.9,300,500,2.5,1,3,NA,NA,NA
"0.0214128142175659",0.175092178166273,0.0127813708370996,0.170041536511444,0.00791216124337947,0.0663444508822971,-0.6,300,500,2.5,1,3,NA,NA,NA
"0.0157971193631107",0.164052550776704,0.0129660904644011,0.164546641466774,0.0129837314602463,0.11262462027228,-0.3,300,500,2.5,1,3,NA,NA,NA
"0.0139821771126333",0.155674805665883,0.00875100303928675,0.162799155386216,0.025253523721928,0.157977267168158,0,300,500,2.5,1,3,NA,NA,NA
"0.0157638614658991",0.149526331561724,0.0167464167845195,0.164471773564483,-0.013598067497411,0.180373383077363,0.3,300,500,2.5,1,3,NA,NA,NA
"0.0178614588147022",0.143399756591253,0.0129480427064522,0.166740947783636,-0.0305323687483901,0.141929144645694,0.6,300,500,2.5,1,3,NA,NA,NA
"0.0148731069018136",0.156966963593578,0.00532456910526608,0.19788633271081,-0.0053386398123049,0.0253973451139969,0.9,300,500,2.5,1,3,NA,NA,NA
"-0.000581468836603124",0.153937315444357,-0.00419395641453344,0.154653286016771,0.00270301197403134,0.0146205478203443,-0.9,300,500,2.4,1,4,NA,NA,NA
"0.00856580799916863",0.139437017100811,0.00637378506400348,0.145158047824477,0.00623191200301162,0.0511980676624153,-0.6,300,500,2.4,1,4,NA,NA,NA
"0.0122586883989249",0.129420458042685,0.00861416212867779,0.140533504745136,0.00578845868754012,0.0868571758980696,-0.3,300,500,2.4,1,4,NA,NA,NA
"0.0156796427454596",0.122607812125707,0.0110955007927963,0.138821732791983,0.011198485101041,0.117465861023652,0,300,500,2.4,1,4,NA,NA,NA
"0.0169850381465311",0.118441548670981,0.00830622300236963,0.139251301322583,-0.00304451831819608,0.136790057536775,0.3,300,500,2.4,1,4,NA,NA,NA
"-0.000637391871869072",0.117549294559977,0.0122688044066343,0.145642169446071,-0.0311878686841606,0.116990138537584,0.6,300,500,2.4,1,4,NA,NA,NA
"0.00401599618978905",0.130652825135001,0.00783212734907321,0.17934825606942,-0.00417390591562711,0.022554291650673,0.9,300,500,2.4,1,4,NA,NA,NA
"-0.00560056518952648",0.161510208523275,0.000514866129759931,0.158265356653091,0.0022216738225559,0.0148769265925423,-0.9,300,500,2.5,1,4,NA,NA,NA
"0.0180178375497379",0.144794770108798,0.0108390103782751,0.147617530618364,0.00593051506949723,0.051839858807217,-0.6,300,500,2.5,1,4,NA,NA,NA
"0.00241621456823283",0.135049972579639,0.000548113717112287,0.141786178488951,0.011207189152936,0.0899308772771061,-0.3,300,500,2.5,1,4,NA,NA,NA
"0.0165434795335975",0.12746780916433,0.00521132070993098,0.140323164220128,0.00481290360760916,0.118992202623192,0,300,500,2.5,1,4,NA,NA,NA
"0.0175374832351987",0.123338642391285,0.014185301676902,0.142775378306818,-0.00195048859015744,0.139467493831393,0.3,300,500,2.5,1,4,NA,NA,NA
"0.00847709196200267",0.1231078241729,0.00979372431349758,0.148543874061713,-0.0157492958427407,0.116191339846907,0.6,300,500,2.5,1,4,NA,NA,NA
"0.00576729361614564",0.136319681902423,-0.00115331478434918,0.180643961139024,-0.00409462608740068,0.0225753633943127,0.9,300,500,2.5,1,4,NA,NA,NA
"0.0348354407958012",0.334663302908958,0.04158099859656,0.305885203410193,0.00334674179306762,0.0276206789285215,-0.9,500,500,2.4,1,2,NA,NA,NA
"0.0244412413129897",0.22828700556528,0.0260863828237607,0.213327086210118,0.0036245672233396,0.0816265762391926,-0.6,500,500,2.4,1,2,NA,NA,NA
"0.00422065959669599",0.189775577231767,0.00057720461571966,0.182650299182922,0.0247442467107307,0.134466167150345,-0.3,500,500,2.4,1,2,NA,NA,NA
"0.0190951411403031",0.172516308901444,0.0161643751631804,0.175160953824345,0.0200200648131932,0.180577901574368,0,500,500,2.4,1,2,NA,NA,NA
"0.0276291460703838",0.154230203375685,0.0200247622451771,0.166433288712578,-0.00694365775622038,0.192121238728738,0.3,500,500,2.4,1,2,NA,NA,NA
"0.0180358754302231",0.140046172529534,0.0184933946634191,0.158714335427099,-0.0338002738029827,0.140190268871234,0.6,500,500,2.4,1,2,NA,NA,NA
"0.0205281239313647",0.155162178651732,0.0276183707942717,0.184820982309808,-0.00413731753032839,0.0234151779659467,0.9,500,500,2.4,1,2,NA,NA,NA
"0.0549809324209817",0.353971215876684,0.0615895448128058,0.316378155262262,0.00181302804183958,0.0275164449604525,-0.9,500,500,2.5,1,2,NA,NA,NA
"0.00397579373867248",0.236832030333956,0.0112973942538127,0.212510350963025,0.0125987691336672,0.0839909026685011,-0.6,500,500,2.5,1,2,NA,NA,NA
"0.0150278742894981",0.201473392122074,0.0166610008177535,0.188571537711457,0.0232380514157737,0.136750234833931,-0.3,500,500,2.5,1,2,NA,NA,NA
"0.00847582193199336",0.17979511859782,0.0071076923771537,0.176246471757109,0.0236199587076036,0.182545438443958,0,500,500,2.5,1,2,NA,NA,NA
"0.0294593097539186",0.163647099234427,0.0228887969651933,0.170938964951158,-0.0139691551096754,0.193734797641611,0.3,500,500,2.5,1,2,NA,NA,NA
"0.0365231294438527",0.148878176385219,0.0257035575476084,0.162764384404782,-0.0245573857843542,0.138080173863809,0.6,500,500,2.5,1,2,NA,NA,NA
"0.00851745862404846",0.162859404450181,0.00535890054657242,0.185947318808527,-0.00468050948694264,0.023503781175055,0.9,500,500,2.5,1,2,NA,NA,NA
"0.0117844007614075",0.144767064120878,0.00395138777130603,0.139337681068572,0.000841379592953072,0.0134063919121901,-0.9,500,500,2.4,1,3,NA,NA,NA
"0.00225664562699744",0.126673681547173,0.000654333712442878,0.126059969688229,0.00688995554021176,0.0497676872962214,-0.6,500,500,2.4,1,3,NA,NA,NA
"0.00977572213592203",0.119110567409875,0.0117827322228438,0.123271809388291,0.00976911366908971,0.0837791550674928,-0.3,500,500,2.4,1,3,NA,NA,NA
"0.0095639276137644",0.113663287549669,0.00486672653560416,0.122000894502876,0.018604475331051,0.118577150931288,0,500,500,2.4,1,3,NA,NA,NA
"0.0115809258912392",0.108742517253686,0.00819607282992849,0.123260703626856,0.00275238139074388,0.137126832242119,0.3,500,500,2.4,1,3,NA,NA,NA
"0.0122024499910178",0.104549182312133,0.00650338607825669,0.124796500554438,-0.014077227194111,0.104848410611181,0.6,500,500,2.4,1,3,NA,NA,NA
"0.00426109441093006",0.114617474416217,-0.00731398599659074,0.147634845318387,-0.00330557217083782,0.0187021719829077,0.9,500,500,2.4,1,3,NA,NA,NA
"0.00705406176981235",0.152199909953288,0.00463979624483041,0.142004103687162,0.000928859411260473,0.013708223030568,-0.9,500,500,2.5,1,3,NA,NA,NA
"-0.00485553027395285",0.132129702561152,-0.00567302566055082,0.127070783855756,0.00494055605497029,0.0501960160225269,-0.6,500,500,2.5,1,3,NA,NA,NA
"0.0111807520971866",0.125375416528529,0.00441479450865727,0.124915458414455,0.0105207049521174,0.0860399477265889,-0.3,500,500,2.5,1,3,NA,NA,NA
"0.00970557151098478",0.118720932760667,0.00341232078369456,0.123325042443563,0.00849655459416611,0.12032522322453,0,500,500,2.5,1,3,NA,NA,NA
"0.0101063220629962",0.113254720833598,-0.000613140276424804,0.124756359416292,0.00211236641591202,0.140264702768183,0.3,500,500,2.5,1,3,NA,NA,NA
"0.0136352763530602",0.109566055522195,0.0125725596815539,0.127719398136066,-0.0163205373726526,0.107008046663897,0.6,500,500,2.5,1,3,NA,NA,NA
"0.0109750324706934",0.121105946123214,0.0108050867293534,0.152790317417753,-0.00251436345649344,0.018729905015845,0.9,500,500,2.5,1,3,NA,NA,NA
"0.00469285935257522",0.119063411847237,0.000773418841842226,0.119896114707149,0.000119001982259734,0.0110435275025362,-0.9,500,500,2.4,1,4,NA,NA,NA
"-0.00201021925672714",0.10688396526034,0.00299566803307364,0.111382312543791,0.00641489317983099,0.0397004490646302,-0.6,500,500,2.4,1,4,NA,NA,NA
"0.00141978606438652",0.100047161886055,0.00337980687681551,0.108108072633094,0.0104878380648455,0.0681962441689095,-0.3,500,500,2.4,1,4,NA,NA,NA
"0.00784766724970822",0.0942551835011029,0.00500945044775857,0.106018585103152,0.0103227515895935,0.0903112005927156,0,500,500,2.4,1,4,NA,NA,NA
"0.00881984308295317",0.0908955781690267,0.00265500711691666,0.107280452300387,0.00747800565221753,0.107167543157169,0.3,500,500,2.4,1,4,NA,NA,NA
"0.00683685300280454",0.0906721036466663,0.00111067125780914,0.110883888519267,-0.0124670049574171,0.0882555750478355,0.6,500,500,2.4,1,4,NA,NA,NA
"0.00568354639681046",0.101157197643231,0.00042524457737294,0.1377989789057,-0.00214311741862375,0.0169011240869827,0.9,500,500,2.4,1,4,NA,NA,NA
"-0.000638326636041557",0.124419018320405,0.00117774192447328,0.122105437012178,0.00212839283330348,0.0114479618406426,-0.9,500,500,2.5,1,4,NA,NA,NA
"0.00510210808297714",0.1119254051806,0.00853907665329968,0.113905926285204,0.00467202053849377,0.0402614756349165,-0.6,500,500,2.5,1,4,NA,NA,NA
"-0.000612269292714489",0.103946307456571,0.00257708891225215,0.109337884721014,0.0129576126266049,0.0700803520930215,-0.3,500,500,2.5,1,4,NA,NA,NA
"0.0094180979263252",0.0981989412677469,-0.00148660461561868,0.107021636101718,0.00571989302901617,0.0921997137211892,0,500,500,2.5,1,4,NA,NA,NA
"0.0128559458714429",0.0948609454187428,0.00842318454807717,0.109055104499589,0.00571010687936713,0.10950295776024,0.3,500,500,2.5,1,4,NA,NA,NA
"0.00914193281881445",0.094486995487506,9.38006944381671e-05,0.112697009577572,-0.0138556364134401,0.0891725151220724,0.6,500,500,2.5,1,4,NA,NA,NA
"0.00884473608739601",0.10551171252056,0.0068230819588123,0.140851947050965,-0.00221166024047186,0.0168220719164702,0.9,500,500,2.5,1,4,NA,NA,NA
"0.00830355858014099",0.225940202634456,0.00448771213697691,0.20009358578989,0.00230462217924531,0.0191644854195752,-0.9,1000,500,2.4,1,2,NA,NA,NA
"-0.00194767015562072",0.154853900798641,-0.000743343105300182,0.142446331819972,0.00797519773554399,0.0572751271927406,-0.6,1000,500,2.4,1,2,NA,NA,NA
"-0.000157964840997398",0.132597745717236,-0.00140081435532001,0.126678236939442,0.0047066658195759,0.0913218132639631,-0.3,1000,500,2.4,1,2,NA,NA,NA
"0.01557873871068",0.119603114994916,0.00997886904613249,0.120659530337342,0.00921228202377813,0.125366573219312,0,1000,500,2.4,1,2,NA,NA,NA
"0.0145226249324425",0.105149318119085,0.00982949984569653,0.113688398800646,0.0070993554095225,0.134638634041704,0.3,1000,500,2.4,1,2,NA,NA,NA
"0.00711071819834012",0.0955180797166419,0.0010230894834052,0.10706017667198,-0.00772598938247668,0.0904962289468638,0.6,1000,500,2.4,1,2,NA,NA,NA
"0.0100261643583023",0.106913780171449,0.00627219631085853,0.126215601669958,-0.000925308800947754,0.015400951236293,0.9,1000,500,2.4,1,2,NA,NA,NA
"0.0318073359897532",0.240020965346939,0.0305721236768645,0.208154880135312,0.000681930301256073,0.019093589614603,-0.9,1000,500,2.5,1,2,NA,NA,NA
"0.0266478200967403",0.167070953068476,0.0231068674899565,0.149698137532296,-0.0019402666936699,0.0571147574365473,-0.6,1000,500,2.5,1,2,NA,NA,NA
"0.00539364324951533",0.139957754110403,0.00224342297279681,0.129457338298406,0.00886401144162795,0.0935541797230247,-0.3,1000,500,2.5,1,2,NA,NA,NA
"0.00697339056646386",0.124675463285223,0.00457649005143311,0.121742406652534,0.0127422654891821,0.126940135593561,0,1000,500,2.5,1,2,NA,NA,NA
"0.0128095254253276",0.11074843546992,0.0124010786929159,0.11608734159284,-0.00253671535483443,0.137166113667373,0.3,1000,500,2.5,1,2,NA,NA,NA
"0.0194202583563996",0.101052073969889,0.0168993809164642,0.110784582175419,-0.0138492606593279,0.0933082488200098,0.6,1000,500,2.5,1,2,NA,NA,NA
"0.0179190667761009",0.113716114743695,0.0125460667435668,0.130150398257322,-0.000369713412867901,0.0153790052241225,0.9,1000,500,2.5,1,2,NA,NA,NA
"0.0162407097304025",0.101713401399475,0.0147231422448472,0.0986909566153179,-5.73028024527766e-05,0.00935152789087499,-0.9,1000,500,2.4,1,3,NA,NA,NA
"0.0109583547448778",0.0894631731499334,0.0113353680624781,0.0893451087814159,-0.00135554135492378,0.0341048141074274,-0.6,1000,500,2.4,1,3,NA,NA,NA
"-0.000609040142239254",0.0835799892823075,0.00211452557159186,0.0858311233326348,0.00318307821388702,0.0586119887802351,-0.3,1000,500,2.4,1,3,NA,NA,NA
"0.00472450694849938",0.0797885329520132,0.00437011756842286,0.0854206354887158,0.0048262190454619,0.0823467473382454,0,1000,500,2.4,1,3,NA,NA,NA
"0.00293867571958227",0.0754499898502671,-0.00313823960266935,0.0852563568513914,0.00307577414925069,0.0973138119349972,0.3,1000,500,2.4,1,3,NA,NA,NA
"0.00901583107743445",0.0729945018059193,0.000186771985848995,0.086540492774113,-0.00873674770634022,0.07284849231208,0.6,1000,500,2.4,1,3,NA,NA,NA
"0.00329551452186031",0.0808210485768066,-0.00158174372037889,0.104526556076126,-0.000841959317702389,0.0126895102878833,0.9,1000,500,2.4,1,3,NA,NA,NA
"-0.00149165780474708",0.10618936069336,-0.000995925416722699,0.0989296269475264,0.000718783652100194,0.00959324042560255,-0.9,1000,500,2.5,1,3,NA,NA,NA
"0.00530337511923601",0.0937852319291185,0.00354838982703335,0.090222538899564,0.00236857797897861,0.0352612089680533,-0.6,1000,500,2.5,1,3,NA,NA,NA
"0.00272225152103216",0.0875196259891013,-0.00161035808977879,0.0870226391425647,0.00272669249985545,0.0598276081381329,-0.3,1000,500,2.5,1,3,NA,NA,NA
"-0.000436706904698169",0.0833220723303931,-0.00611108695430116,0.0861617701900541,0.0147099378936206,0.0850056644015809,0,1000,500,2.5,1,3,NA,NA,NA
"0.00852041963349392",0.0793527413941509,0.00844618142414198,0.0878454703705984,6.28732242904013e-05,0.0997939831767461,0.3,1000,500,2.5,1,3,NA,NA,NA
"0.00588372412947883",0.0764656759244849,0.00750311005855159,0.0888389207618521,-0.0145328955952462,0.0751462182545417,0.6,1000,500,2.5,1,3,NA,NA,NA
"0.00730718020139629",0.0847983667956685,0.00312972896830408,0.106822220136592,-0.00111725701535922,0.0127049386541037,0.9,1000,500,2.5,1,3,NA,NA,NA
"-0.00251465353038525",0.0834943084966106,0.00206993097505748,0.0844267381898915,0.000439946753383526,0.00778928859456932,-0.9,1000,500,2.4,1,4,NA,NA,NA
"0.00121061110400671",0.0751851530914545,0.000224629537216371,0.0780327178623145,0.00178896725245616,0.027474385017615,-0.6,1000,500,2.4,1,4,NA,NA,NA
"0.00204934318872552",0.0703982925609546,0.00892966536601467,0.0762860637929869,0.00257536614744501,0.047535735920417,-0.3,1000,500,2.4,1,4,NA,NA,NA
"0.00274655299318453",0.0662799067553592,0.00416743385116709,0.0745392645649882,0.00345540694075248,0.0636037934085775,0,1000,500,2.4,1,4,NA,NA,NA
"0.00327035533678261",0.0638004032490663,-0.0023804004881003,0.0745839770996506,-0.00214439296493156,0.0760259252402297,0.3,1000,500,2.4,1,4,NA,NA,NA
"0.00328135682103966",0.0638472653076607,-0.000573266334377144,0.0778927311176059,-0.00979070923499099,0.0623791985428005,0.6,1000,500,2.4,1,4,NA,NA,NA
"0.00502151393940182",0.0710399667140143,-0.00208827680338049,0.0965966789130798,-0.00158676806617931,0.0117136603327085,0.9,1000,500,2.4,1,4,NA,NA,NA
"0.00416410462481625",0.0874510161170828,0.00158695080025802,0.0859500787503591,0.000240927728565051,0.00791878662604127,-0.9,1000,500,2.5,1,4,NA,NA,NA
"5.90011861509596e-05",0.0786736691321874,0.00246931945238878,0.0795780281372831,0.00402929368859025,0.028185776064151,-0.6,1000,500,2.5,1,4,NA,NA,NA
"-0.00142085576008906",0.0733635275755887,-0.00289082074494054,0.0767145108197596,0.00358605864476808,0.0486104471598884,-0.3,1000,500,2.5,1,4,NA,NA,NA
"0.000841748788819931",0.0689660437135793,0.00110371154200829,0.0756041419675216,0.00769482544681246,0.0651151818422138,0,1000,500,2.5,1,4,NA,NA,NA
"0.0075989425940488",0.0665654526666412,0.00129284267861691,0.0762316610708869,0.00546150675162256,0.0780256237502513,0.3,1000,500,2.5,1,4,NA,NA,NA
"0.0015748789325318",0.0664628659075557,0.000123042403639326,0.0792152678923178,-0.00438649404080011,0.061860114486666,0.6,1000,500,2.5,1,4,NA,NA,NA
"-0.000425733819936788",0.0741825653075082,-0.00172642594705445,0.0982782626628011,-0.000925171218877171,0.0116880177881342,0.9,1000,500,2.5,1,4,NA,NA,NA
"=======",NA,NA,NA,NA,NA,NA,NA,NA,NA,NA,NA,NA,NA,NA
