"beta","beta_sd","omega","omega_sd","rho","rho_sd","tau1","tau1_sd","tau2","tau2_sd","tau3","tau3_sd","tau4","tau4_sd","tau5","tau5_sd","tau6","tau6_sd"
0.962788564238693,0.0459491012801027,1.00197779508755,0.0764905749981666,0.377431042906509,0.097749086957824,0.0180351277787333,0.096017567845708,0.643841871839457,0.0397179964631521,0.74583604789016,0.0385407442201155,0.689256276524007,0.0435646318449904,0.695860539385492,0.0520730701918497,0.768305133663001,0.0610048312443072
0.989660824004341,0.0456528792105276,0.9544732463549,0.0776857474614871,0.5102220203527,0.0937276638057775,0.0634561178022373,0.10072243419794,0.629307835716482,0.039421232253766,0.687466673289048,0.0389458252335167,0.715987904764219,0.0454341081719139,0.636536881825709,0.0545938515441993,0.649839874151364,0.0632546859612652
0.976912082427036,0.0442937961679446,0.974354730635919,0.0744861179646211,0.50542339190836,0.0861783413646149,-0.155166953067945,0.0988357714889783,0.725166079528732,0.0369044733916959,0.73184144114335,0.0390041525102574,0.667336636128391,0.043229593959646,0.766181259912485,0.0481016839055936,0.705505841016824,0.0585200909769682
0.919795895458666,0.0438263462556997,0.952021016904566,0.0735937006696443,0.612121682831301,0.0688639763520446,-0.0340721147494952,0.102062648838993,0.67298125095865,0.0382099014156898,0.654213668644218,0.0388157753545493,0.671481825067891,0.0451729177133243,0.615406454718708,0.0537901530046389,0.608686078164043,0.0616430342005165
0.996405740127572,0.0461826959222984,1.06138485293824,0.0796626072872351,0.507422869478895,0.0872999617031516,0.0686791846204748,0.102978370794428,0.645788841965331,0.0392213866632316,0.790292246350003,0.0356959076431488,0.74048793606226,0.042758169907058,0.734328179298694,0.0520493009212703,0.781812449640494,0.0572223936951394
1.04566847325512,0.0453820947173929,0.980125751837533,0.0732786345309661,0.326042664358418,0.086012272748018,-0.0385520697097856,0.0921442766441884,0.72324094063109,0.0366060490788914,0.675626835132419,0.0397033536963713,0.678963063103394,0.0466943551665121,0.692655248836437,0.0504268122195915,0.81661423512384,0.0561606813709844
0.959557165796995,0.044789631345477,0.954711234498112,0.0750341071357162,0.457880406395862,0.0884541539561549,-0.132797748096062,0.10107765035248,0.666727726617949,0.0380063532640849,0.64050947044687,0.037911489858556,0.637111573330556,0.0446821138211054,0.692670764114461,0.0536314362930468,0.654136373778212,0.0639926668501737
0.967609235958409,0.046770718667843,1.05495248562983,0.0769936914380211,0.47672270576555,0.0834939388372014,-0.030700750829944,0.103627522045654,0.662395787645187,0.0377952114234767,0.709076735606534,0.0387737426189848,0.662267078425854,0.0440930392361427,0.758663449425731,0.0469675801920568,0.685300797939724,0.0658185158960884
1.03327486973013,0.0487510086504913,1.0807020298961,0.0814142484306997,0.337745413996659,0.100240811068147,0.00353431487328745,0.100082907976987,0.729805560530364,0.0371866940703832,0.678613389446876,0.0421654386344906,0.652905876791745,0.0462232384171176,0.773975317375651,0.0514886972665599,0.785241996572005,0.0572268493829309
0.958195351654038,0.0434387515645478,0.937258577659918,0.0707280171677823,0.520610991883215,0.0813709897085114,-0.0204163435899814,0.097003318264813,0.673602761901492,0.0394827669660734,0.690058669467821,0.0363998983775958,0.632991297523634,0.0428445547728266,0.723273018565937,0.0465798751040461,0.663457129244198,0.0662337449349232
1.01949789352295,0.0434072805897078,0.904468795219241,0.0679243636193829,0.481258438271666,0.0851888538382414,0.176483552785629,0.0952115750571754,0.655854367660492,0.0368954202061279,0.675517909893249,0.0402593409999988,0.663130245094289,0.0442042650326653,0.715240102980995,0.0504039467266881,0.704000991504985,0.0629602313751167
1.02286129613225,0.0442425825052635,0.943112721349766,0.0713653791556965,0.466754404978737,0.0828386344037638,-0.0720365967464638,0.0953412109902164,0.720873526046591,0.0363759389289017,0.701912123034659,0.0382224018507034,0.776569398681528,0.0429536428337731,0.643197104700463,0.0545491158825023,0.756382528931815,0.0592426609899532
1.00881447751154,0.0475383004335329,1.06341079433987,0.0810256636036944,0.667698595409409,0.0609821479825409,0.0752491282683905,0.110854176061757,0.697795295749541,0.0393527995728069,0.740539768121997,0.038287204431246,0.702645856541632,0.0449994890270701,0.759832607270344,0.0494240057061302,0.698500938106028,0.0615488892155827
0.977255141970776,0.0437744659384948,0.895156259373367,0.0703102352316779,0.578161265911253,0.0718594192228856,-0.0493273272360466,0.0957522175376259,0.737682517394277,0.0352731872424572,0.598478815630285,0.0397348096284907,0.680246402553873,0.0423541104223293,0.664158018571268,0.0521423222260376,0.588246944249312,0.0646262184645966
1.04433065579519,0.0456332608788758,0.973758801798224,0.0764775290745377,0.608217527409531,0.0703164353419205,0.0914892054899717,0.102004348735946,0.701595119871109,0.0376080912511105,0.67469057099978,0.0404376451332031,0.667046527529049,0.0443800580048276,0.679610774703954,0.052414248396255,0.702300886001716,0.057720386522153
1.11593089943122,0.0468713201082275,0.993691131133927,0.0743581590788027,0.554290284656476,0.0743081695628503,0.247352464549724,0.103873428281886,0.719466867184335,0.0388818523459561,0.745671663130829,0.0367986482811664,0.720167540633364,0.0428625198321718,0.715530006733308,0.0508020095585394,0.759780831569377,0.0598089064317906
0.963466228917286,0.0436021000767791,0.974055027054862,0.0733424791813209,0.368440867595787,0.0814292917638744,0.0232796159396924,0.0891857345923268,0.693489168646274,0.0361490124003812,0.563918813627976,0.0424851226086004,0.751104269312971,0.0425856656821724,0.604622132504754,0.0549704352735387,0.571819869764483,0.0656365683495728
1.05354099073702,0.0459571420384785,0.943083167465686,0.0725748845530479,0.614486350111546,0.0736320861683487,0.18910656891653,0.104378247115437,0.684566340759393,0.0392399927880646,0.727459703363307,0.0383523868063435,0.698075747714296,0.0403763577119487,0.712963006113928,0.0487703040266353,0.660427377095902,0.0601101841476653
0.940154375357885,0.0436579537630353,1.00854423543631,0.0721296194338576,0.408635198982893,0.0796398981424177,-0.138503736021944,0.0997435763097774,0.720042324403778,0.0368735102828057,0.652509151418593,0.0374329339738966,0.744467863747336,0.0410114788203715,0.697470969712873,0.0493187463262099,0.682786468903985,0.0607657937730667
1.07373761714656,0.0479079950597723,1.04997266389597,0.0792914879882789,0.402474337501569,0.0874537183126776,-0.0128694776695711,0.0984731999416083,0.681969190703553,0.0382956797325746,0.66420526414496,0.0392803933560218,0.767405412759876,0.0431303383819269,0.713619187616571,0.0529352702891183,0.726756520749363,0.061432417582237
0.959594839287251,0.0456446823692291,0.946566091758691,0.0712115929588039,0.418082048117571,0.0935802654369945,-0.101875223850424,0.0976544173755471,0.693255268622872,0.0382229165375154,0.719474287892253,0.0388090955563485,0.654972742339056,0.0454595729316307,0.744145967780058,0.0534946250804617,0.687598149613679,0.0618370447689265
1.04186984130908,0.0468946006092893,1.0382115951769,0.0765819814628288,0.579112527024996,0.0740478536052253,0.0277024807222008,0.107739613413955,0.741545657199004,0.0385525551315103,0.677540381991599,0.0400658425301496,0.738711487133912,0.0430261395937666,0.759001868173901,0.0468379050801898,0.646582697719509,0.058345072590797
1.03144375376341,0.0446215825915672,0.985294027148482,0.0737686035393831,0.515627412420809,0.0687865403473281,0.0620313767891222,0.0975879258192198,0.670713655646252,0.03726780119217,0.703972662627269,0.0389295387961181,0.644940288914445,0.0436811578642811,0.71368803256722,0.0496284669649169,0.691651586572919,0.0582906322475295
1.0242132422054,0.0463980603963992,0.978936439138947,0.0774222869410323,0.489438842674055,0.0881173520553696,-0.0782844008506342,0.0991267137416624,0.74956170726739,0.0363212159571053,0.70030028962692,0.0402418272596792,0.739182000809739,0.0441887279969318,0.669289068602755,0.0555646571248552,0.601371048965444,0.0619973903468589
0.963213830070998,0.0472376703159528,1.08703368103155,0.0846167958932878,0.569985822152243,0.0873683858383385,-0.0843031018301066,0.105441861302736,0.69406196119992,0.0379577394071522,0.700097519277476,0.0380834063666764,0.670844228729174,0.0458034130488962,0.810940876286098,0.0502482571618108,0.638269926427129,0.0641729884581998
1.05189822580836,0.0473690051134743,0.992999551004249,0.0771489462353358,0.385601079268865,0.103482295611379,0.130264840784064,0.101297234115535,0.706392253407928,0.0374589250179285,0.754528691249783,0.0381421054035556,0.714582986577455,0.0463198865528554,0.670593018735563,0.0537806911619594,0.673551717843367,0.0650376606708852
1.04904663591052,0.0476266624867323,1.08117160313037,0.0799265011643596,0.348923872931297,0.0885543831234834,0.0211148307861472,0.0959974156195225,0.716792286098609,0.0381783927715509,0.739792615270134,0.0369670748112846,0.705852721957988,0.0435171658533831,0.694934785508649,0.0538725519526739,0.821446939996355,0.0580312864354816
1.05376591636244,0.0460102875602177,1.03105607887233,0.0776620350102685,0.478786461846623,0.0776142814475819,0.116166488075437,0.0988663481090427,0.704617132356008,0.0372616038627297,0.58953592760628,0.0398981453307267,0.750911267977257,0.0439931811053256,0.708958481307869,0.0513969552396982,0.696232216815878,0.0610139835282506
1.06540188164656,0.0489916673884909,1.0179748867777,0.079057488849326,0.366401060264564,0.0957330463342107,0.156111943498997,0.103406598276352,0.673298414595625,0.0395138286879192,0.713902612432562,0.0401204090738933,0.698909219285678,0.042842999390742,0.690783668494802,0.050475839841386,0.631769653584134,0.0674931040202422
1.01136183126293,0.044308531727744,0.925721173097189,0.0726113463178705,0.573285691863059,0.0789959630496417,0.192926300975487,0.0975318630636382,0.643476873700809,0.0362773143021069,0.713685099604603,0.0391133549427164,0.673275396507585,0.0458931407249309,0.610036872001995,0.0548729759919129,0.70550335648459,0.0610742061489677
1.00410724826217,0.0425631343736004,0.809165681828198,0.0621271167744735,0.62348345544769,0.0608803664799802,0.148914932986501,0.0993191814663187,0.653360144724886,0.0379344503615535,0.687628009663621,0.0359285878704651,0.647807858934089,0.0463676995612912,0.634826347561628,0.0534425407212802,0.616411789688296,0.0617628494014079
1.05684596524614,0.045357651936185,0.98923080249687,0.0734599094582512,0.627366889809732,0.0595507614184152,0.12551570551832,0.10002292484784,0.692629362023005,0.0390865484328105,0.700993027258345,0.0359783271652968,0.640112753813615,0.0418474818794325,0.693124374083306,0.0504271569330166,0.706816172978757,0.0635758395437105
0.978186826941998,0.0458617207958887,1.01440815512645,0.0770750475407713,0.533679218748609,0.0838045600144157,0.0357580288421157,0.100300179692955,0.674868666004762,0.0379437594277619,0.677423532607981,0.0386529980514,0.709865240316516,0.0445583016432787,0.699188740482211,0.0513299433026798,0.654870848222517,0.0612858074901064
0.992653591712599,0.0461678308709033,0.988174974533045,0.0764684846537667,0.638922531785107,0.0726192862730006,-0.150244637647371,0.106280232871764,0.670781931979601,0.0422479758233909,0.695750158952476,0.0374128485753305,0.687622337917637,0.0457656117349422,0.694802533076315,0.0474955809719401,0.709861786025657,0.0582568958522339
0.949934801149333,0.0451611717310815,0.97375228930526,0.0752890759348529,0.479186358451024,0.0932312387923034,-0.102238126147346,0.100972315058279,0.663963805255514,0.0386359628784061,0.73465458553022,0.0375171063142196,0.742807812574654,0.0424644410300122,0.711920931622733,0.0513637727896642,0.594130442441707,0.0651139864033262
0.999526740126171,0.0432522719178087,0.869355316543128,0.0666434898787848,0.615058494593037,0.0654184648360562,0.00486259256660418,0.0971773049963146,0.719382256399141,0.0343732267243121,0.665392225230543,0.039163481429462,0.669689744446145,0.0463660311990067,0.631050749663878,0.0519664061374544,0.671056051936236,0.0580435038980688
1.03113355384142,0.0450846347968312,0.950479398235833,0.0723367738848604,0.52382221026969,0.0768105810623888,0.0487234202682845,0.0987180742864708,0.667026587971018,0.0376331749407088,0.719027964416142,0.0366030712323751,0.701362880130321,0.0439583566483264,0.659600681464907,0.0537739620736295,0.713439379280088,0.0562715311619197
0.993656192003376,0.045792277820679,1.03106544979862,0.0763757521343264,0.560177310304862,0.0745384868074916,-0.0534024091326244,0.0991611838758489,0.731607974542651,0.0377358339829726,0.689953900917695,0.0397293165928377,0.721310582799694,0.0450479519413949,0.663079514451665,0.0522200791969218,0.720289194368761,0.0610150841795336
0.983335034479483,0.043785843265811,0.905352002372829,0.0686780093050524,0.564115809304581,0.0775101526762602,-0.092603402440702,0.100061155107429,0.684223455224674,0.0381197891732917,0.735287672612698,0.0377605440342213,0.642545490832273,0.0426424148097704,0.677555204490972,0.0490941987845208,0.71381947402088,0.0611751130990854
0.97712403214191,0.0440229106556553,0.982609433278404,0.0715694373452436,0.528497892620358,0.0715876899739265,-0.0991038719506908,0.0940635895456697,0.682682493316001,0.0375282615698088,0.766337628257466,0.0340256042056377,0.667141270235735,0.0434430035784312,0.679604312894681,0.0525927100355103,0.734231120663591,0.0545269423213612
1.09877976970612,0.0468691708191498,1.05441656825472,0.0833990627446434,0.524368172242692,0.090048492717722,0.158057491369049,0.0980756627453701,0.668329774493872,0.0393751080473173,0.73399154030176,0.0385098451660626,0.722555695808269,0.042289164078584,0.793763617173301,0.0493353588213112,0.634869578065543,0.0653402982640376
1.02321670741143,0.0474015117436575,1.04619541986002,0.0806277764575005,0.497772179426874,0.0849629254263085,-0.037784497698779,0.097460407443368,0.728485144481893,0.0369371391259302,0.721198944820681,0.0389188183274514,0.760472086919148,0.0474946418541235,0.632816058539561,0.0522603148449352,0.760837536034053,0.0563402822137343
1.0655998461981,0.0490405462723732,1.24712579978246,0.0959650983421038,0.349545980693787,0.0974409683881817,0.165174050161884,0.0940869059103896,0.708664654670824,0.0377486995456026,0.747225322573092,0.0389802222429265,0.698562920309132,0.047469636309472,0.790248190076443,0.0516445351180285,0.712439501984325,0.0678089550763246
0.982831738187696,0.0457692281134663,0.990862962166085,0.0746939090119082,0.374454373016988,0.0895639330775116,-0.153217899322726,0.095177416923142,0.653206308589535,0.0387239512097953,0.662643328738772,0.0398918965125913,0.692142548859754,0.0424219929245009,0.591236804684476,0.0547959673388739,0.703862143079471,0.0570137459394151
1.04487000253121,0.046965259704663,0.975130522856028,0.0728587160920282,0.355229093474216,0.0870643681931012,0.0945901427034885,0.099085577722856,0.741158208483981,0.0378802984575886,0.6619182905905,0.0379196484459614,0.757304210149852,0.0426078543793848,0.657281816308531,0.0524121482035043,0.723202215389806,0.0604908065528839
0.969403072880231,0.0463178007359485,1.00202027367739,0.0763246542557027,0.43862703277725,0.0908297614419008,-0.0470002134724443,0.0986764874612784,0.70285492637957,0.0366790787729116,0.586946812129408,0.0410945023007308,0.648368031709629,0.0429780974793893,0.707551825120268,0.0521099759725798,0.653567549832517,0.0614432096459399
0.998004300956658,0.0459916565827942,1.0351865156005,0.0755600993795363,0.391835018409342,0.0927366039324951,0.0250853661733613,0.0972162012485947,0.655731696342017,0.0377269074541233,0.70811445320878,0.0411318596216113,0.702883358844441,0.0454020014497381,0.647848509650812,0.0508341005619759,0.690911658941002,0.0597556313057363
1.00459183942845,0.0464789885483819,1.00236233982636,0.0770340134054708,0.516223736546164,0.0939637799490741,-0.162310674296361,0.100675508982611,0.669188775648279,0.0403833129173714,0.74400371907639,0.0355223494464238,0.679896783440821,0.044282069478955,0.737771756164099,0.0518772083113303,0.703628901017957,0.06379896406385
0.967442451128222,0.0479618602088026,1.0977536162666,0.0870104078449378,0.441650090301437,0.0937367493476571,-0.0700576326926208,0.098699849689221,0.702239075783048,0.0359516537167253,0.701542199858542,0.0403256490212099,0.647567416081555,0.0481498048378002,0.660469052254043,0.0560307153241557,0.807917814760138,0.0584735313201751
1.05042009143501,0.0473197502247202,1.11292056892036,0.0833414660451276,0.387062647614882,0.0957179338208492,-0.0975783512004289,0.0965837871706325,0.734108326257384,0.0374382848269675,0.685803428735071,0.0385328281740444,0.738767046744163,0.0437947784967928,0.667882572959184,0.0523736907695143,0.858237400437456,0.0574368604044633
1.01030232340442,0.050027457820499,1.22290827454896,0.0935816642011072,0.283628421577293,0.0977303276755419,-0.0660227438182458,0.105785610332832,0.765910450522012,0.0380510379462871,0.704371901836288,0.0432347765186507,0.796702275996987,0.0448943329487442,0.75986349296892,0.0499156356467867,0.849970366376802,0.0590538615059319
1.00779351347535,0.0440747451589714,0.892151195787652,0.0684722365307749,0.429834733143683,0.0856377111638282,-0.116476769259641,0.0985016618797948,0.703499651305536,0.0367377611594944,0.66590804826867,0.0387146925968441,0.620467440703512,0.0446705830333272,0.679466197203831,0.0508500190239135,0.755228424076675,0.0569742588366876
0.985576982050683,0.044986196447899,1.0355377441714,0.0776292713509875,0.460673440601079,0.0892602042122329,-0.128785743265713,0.0956966751335515,0.725609080995249,0.0353212579026673,0.685753606794218,0.0391268260450952,0.651751597285774,0.0455419983624735,0.64908692020162,0.0519356569609351,0.678862788468439,0.0592555866806668
1.04279287359592,0.0483303252915819,0.967947519380255,0.0767864926989391,0.52317932733263,0.0877381135162068,0.0729249791801149,0.103940703809707,0.706928307859599,0.0366226345352276,0.73153420499788,0.0402367877286095,0.699650194761215,0.0451085635175296,0.711876678156651,0.0529248079959626,0.599182947986721,0.0633545297444673
0.975792508550191,0.0436422064730157,0.881823439758314,0.0677980538684131,0.560770902984949,0.0677537619593588,0.0628805490924252,0.0977499845568318,0.650039191879081,0.0378686019580551,0.699368278974438,0.0376140445101922,0.650093519900479,0.0430812419637597,0.689074656621144,0.048735137768347,0.716891652664148,0.062880349140345
0.939885100694028,0.0444642376300223,0.98272591677155,0.0732061672447896,0.593753067311918,0.0650151070951412,-0.124800871571044,0.101494651186983,0.690269044011746,0.0390829392210591,0.697309270960292,0.0377263999815125,0.664746799326622,0.0424857435339416,0.71347691989753,0.0496842901944003,0.620450895840585,0.0610168418558239
1.0175012140278,0.0476690287366889,1.07361088668911,0.0845260102248047,0.52653901488858,0.0870060395030559,0.0591569870162148,0.098131414143488,0.671564579270335,0.0387742198135086,0.750703730348169,0.0371805727628543,0.677820327681796,0.0454672829555572,0.646011936662899,0.0545690457465912,0.676333045813188,0.0670345025734843
0.995204281944123,0.0463569254753078,1.05360469433133,0.080611555277411,0.51914402482972,0.090733106799107,0.105240593659445,0.0996207400793156,0.684813745551861,0.0375004703863257,0.668534759011412,0.0387802463422727,0.712481350475948,0.0456129951718216,0.692058147022626,0.0527528919406223,0.636165043344172,0.0588725416050868
0.975009052886672,0.043053218674256,0.869146126766374,0.0671450173002101,0.640125156861629,0.062484531252624,-0.0213945449592995,0.103830303416806,0.684301531425779,0.0379449473408772,0.599204913205747,0.0394211459648505,0.70757238869212,0.042509079138196,0.609420949896716,0.0518148451648481,0.728269109921233,0.0518437044297994
1.00748064517335,0.0450621837872429,0.981063225016945,0.0743963297603864,0.537184654687621,0.083455156980284,0.067867372984527,0.102114612800656,0.694937186657552,0.0371071119347161,0.717594528744594,0.0401324237980328,0.676164143758216,0.0431392414718545,0.70131277694082,0.0526969027088565,0.736515828836045,0.0590003091414309
1.06694266247693,0.0481200200387713,1.07892229059679,0.0861406226283655,0.515711785773689,0.0929238479997812,0.226839970979304,0.101193676970712,0.6190579124836,0.0411420443885983,0.742925959847591,0.0382765440840615,0.721870622567076,0.0436799415059606,0.753322524408944,0.0508740310391348,0.734308415608471,0.0641408461249513
0.975172883351729,0.0479059113476372,1.05745877880983,0.0804704994107236,0.517043167580756,0.0910199293162201,-0.0737815457234142,0.103560070756756,0.675221863880737,0.0389485462372553,0.67002520566291,0.0388355882857573,0.70905995620511,0.0421819409803063,0.742996503731081,0.0481617171976254,0.704325907257451,0.0575373554422011
0.968499188534118,0.0461167500533545,1.01073235527966,0.077059052776757,0.457761554971206,0.0839383085932819,-0.0753369121143928,0.099987866771281,0.736360223665359,0.0385353923597591,0.675124596449244,0.0388519904925895,0.683135469198021,0.0439978227113904,0.773862099056131,0.0464724154345758,0.653299381854213,0.0606532866852191
1.03318032166292,0.0452113114982172,0.984082821714442,0.0770329825078368,0.617157805732504,0.0629674654778486,0.0288604928508873,0.104880550728985,0.654055252703782,0.0414227530564559,0.684993920824833,0.0380517697191664,0.66588956490526,0.0439658815655131,0.726224054951236,0.0518265430709931,0.666514656866438,0.062978086644557
0.972593880176606,0.0453837168414825,0.931367572511419,0.0732081612053634,0.403212633161843,0.0956352686386586,0.103842774091746,0.0963353797482461,0.636110241703298,0.0389211221420231,0.637129143014008,0.0402333931345304,0.759629874375607,0.0411264130552878,0.650295582323477,0.0545140872258401,0.669746145535462,0.0603222331051469
0.960814312489996,0.0440003827803484,0.962120676452612,0.0746372310173315,0.583329732529424,0.0735675292963408,0.0244255500982846,0.100191662142593,0.72290304715121,0.0379099828267785,0.681066409657665,0.0382400569917539,0.619686765317345,0.0459620576401235,0.698018353887101,0.0489950098966059,0.641288686945615,0.0597586284531334
1.01760772348143,0.0433765156103498,0.799671361025666,0.065112562035189,0.584825811741303,0.0735952178117242,0.0992948041269649,0.0982320227130019,0.590298826026537,0.0396436745613879,0.695272483724776,0.0359956952879741,0.694404117950806,0.0434540931019572,0.594932408606069,0.0541466235860165,0.627746320623028,0.0596133327189032
0.947983512583643,0.0457729320018,1.02179893290489,0.0765997101406573,0.538779269896074,0.076985339519313,0.0629560619201547,0.103765446114437,0.680014116355624,0.0381330294556968,0.702383986444954,0.0388660179092694,0.748696447184201,0.0433349506589862,0.674967133881418,0.0533306218520826,0.715583406475952,0.0633591681404017
0.978716183204469,0.0466598390971778,1.08396146111496,0.0823186245905171,0.568093572521559,0.0755304096010251,0.0496356242460381,0.099626038944206,0.751355576230247,0.0362911607169087,0.695562548761502,0.0396270901984956,0.71403546404642,0.0441462120716999,0.727243857772879,0.0521377129884159,0.65758817132411,0.0620766243121248
1.06001378968918,0.0485004226862129,1.18931831403898,0.0886242063333946,0.276108362746359,0.0931596692569789,0.14361299771104,0.093606086414093,0.638189890561827,0.0399040492141349,0.718720124933057,0.0392077108289718,0.803859081142671,0.0452571732400331,0.775088630997156,0.0519618655789258,0.715411174170111,0.0657794663003599
1.00862003589574,0.047018657037706,1.06337462206223,0.0821572080524117,0.495365167249607,0.0902847819824252,-0.00599562064156754,0.0983550266268042,0.741017266487454,0.0359988497780587,0.737379888346533,0.0384749006723773,0.69191970260498,0.0455751787789565,0.687611182063588,0.0553732917215211,0.667717873289879,0.0651935384993101
0.907403191097566,0.0413589925638421,0.850368741450935,0.0635135189819605,0.499116050813711,0.0834542270340941,-0.0356914166094481,0.095523283680823,0.668302131218726,0.0370393959288994,0.648411336997266,0.0365343083273678,0.707601168606994,0.0442207668006026,0.640039754229976,0.053094401173632,0.729764184819618,0.0589994187510949
1.01338726180949,0.0448438112202411,0.966112140603875,0.073383087219284,0.577444831237814,0.0718223091600854,-0.164568507324776,0.100389681644036,0.741203945210748,0.0357861712836599,0.71235794314646,0.0373032935214266,0.694233661168211,0.0439525934860123,0.670328596337587,0.0510596382637978,0.647337021348831,0.0625759919409525
0.953341299432746,0.0433981166353529,0.892842944212547,0.071597795103888,0.476576479990534,0.0852179228406257,-0.0907268601689023,0.095078479855446,0.64653836790997,0.0366485723026824,0.782403920066706,0.0356859708541039,0.638360331131451,0.0465731891348577,0.656769360082884,0.0546301657588951,0.664672386885766,0.0606210364472888
0.955930477591717,0.0425750275854323,0.847944967061894,0.0651157653869156,0.554393567462856,0.077346108893131,0.123527544633176,0.0971358251102177,0.598699240786562,0.0384950578767028,0.72027065658635,0.038046399698811,0.682287410272095,0.0438296950049267,0.709565520525382,0.0450876881190757,0.600544892143454,0.0618500159405228
0.986026982376563,0.0469198829195396,1.05459317214741,0.0790566916832295,0.532835934963218,0.0876982844038992,-0.02849119182638,0.103883563920561,0.717722720422144,0.0379571601497532,0.752292274535922,0.0371873038006614,0.625679139439956,0.0470914840868994,0.672661514062303,0.0508852826845539,0.824570680583482,0.0576692000249564
0.998856918184081,0.0448212421289057,0.94083427444131,0.0720288455286685,0.568847134218116,0.0763256760570091,-0.0316587196653307,0.0967096212618971,0.673021662666464,0.0384204841598713,0.69703431631453,0.0361244447041638,0.675982214954922,0.0453742341368277,0.725967791779137,0.0512209729332548,0.721833050351314,0.0629016382631503
1.01925451098762,0.0456921618638157,0.962155556252839,0.0719072722890289,0.385094770759014,0.0917306417610718,0.000335655672614037,0.0926946790290803,0.659868972175944,0.036298264150181,0.723304384099422,0.0376617611685161,0.647868516029829,0.0467103433749583,0.677845856317577,0.0503267100442808,0.758611218027944,0.0592230257936128
1.01541814589412,0.0452872194632078,0.995699765555573,0.0769386927726669,0.448907721260792,0.0832053953775029,0.162226743123172,0.0943680895310636,0.692499757468404,0.0376924636937419,0.62853116197658,0.0393545903832949,0.723474774948594,0.0433724457554304,0.677965878434779,0.050594464717619,0.697937404386131,0.0601268570819989
1.01105494040458,0.045268312760851,0.981961484809335,0.0732093663826051,0.437215193804092,0.0908804385439148,-0.11597011222535,0.0955912385635165,0.720603702991926,0.0376457424315647,0.712294564559871,0.0375815280195229,0.70945157353438,0.0427375209913194,0.672650342105985,0.0532613780533288,0.784301709893515,0.058066341181043
1.06616526433178,0.0463023262481477,1.01778416970101,0.076069284528583,0.280654574369783,0.0880906438066552,-0.00839415097890748,0.0905870670209085,0.653633215294818,0.0381471388410541,0.769595458812179,0.0374899388140123,0.72716829974218,0.0438151798755691,0.709591816890303,0.054755095826028,0.744236303642525,0.0625090506547689
1.00600373907872,0.0472606857725273,1.04628311615816,0.0804794722017653,0.476226997270776,0.0954324409258047,-0.159596945066564,0.105718229588401,0.687188592521871,0.0401186786638571,0.762567628767237,0.0374877472458287,0.70926386989767,0.0450195626681393,0.78517411097247,0.0508473505435717,0.703044883321435,0.0617226646189635
1.00039672771388,0.045768344199521,1.00086981171274,0.0734656465959486,0.338316037983903,0.0875549751246387,-0.0375090820483414,0.0966604224478978,0.675553292443524,0.0382791278459098,0.707775683869506,0.0389832996256958,0.691224154749703,0.0467136236420681,0.661837444336294,0.0511655120150633,0.797866375939134,0.0552281524264687
1.01761055393931,0.0463964659260342,1.01164240611385,0.0764821396838818,0.487566440018414,0.0933698272497184,0.00942119536729679,0.0983676071536657,0.766856354497384,0.0347089927469755,0.691953380563265,0.04011607918262,0.683901174284593,0.0484611730156458,0.667011845708581,0.0544427217260659,0.72066582221862,0.0597757085702364
1.05181434468916,0.0460221747823141,1.09215296896251,0.0837254938144918,0.437085328504681,0.0955863685545372,0.185498785788348,0.0919897463085461,0.631646260036861,0.0369895082996067,0.738373285420838,0.0394205086942617,0.660692376864109,0.046647978618032,0.707095879941587,0.0533389085799051,0.713611910626264,0.0573582041918719
1.07065828996974,0.0471156131461992,1.0130750350415,0.0769735674506242,0.468555769585034,0.0859760217456135,0.0808297619206127,0.098173654997018,0.744202418452214,0.03641715988773,0.616973663936308,0.0412998502080851,0.751615523223864,0.0450778102404071,0.692058932028017,0.0518727766545381,0.649150566132826,0.0598739386952018
0.972195896634015,0.046802625577528,1.00989422804145,0.0810056974750382,0.640175555570229,0.0620753132700667,0.00455808320377633,0.10509256048621,0.751660016014952,0.035251097676007,0.631077572435042,0.0408233489484386,0.666301304298006,0.0449826672381578,0.585765737681424,0.0555666591084413,0.706257200743755,0.0604184367798743
0.97382814080485,0.0447073238693356,1.03309044619527,0.0803599780674254,0.467608112385748,0.0879222004636648,-0.0598097022461306,0.0947770209016142,0.7131523817815,0.0359079518364879,0.732560175381247,0.0378507716114049,0.699185519716465,0.0440749337936746,0.619032539528817,0.0525561238724011,0.737305924846561,0.0656004343881519
1.0431488764853,0.0466601637525437,1.04823210919027,0.0803625705686128,0.50870950004088,0.0886537454572276,0.0734421220650316,0.093948218641893,0.671218738812606,0.036259579446676,0.679038145231939,0.0403843535031268,0.648745282007155,0.0461773493105288,0.691955991592546,0.0514139122467042,0.795848000104376,0.0592901917703264
1.02787861518253,0.0425121557382437,0.876119797278069,0.0654946339438047,0.488044287499386,0.0801201084423274,0.103814220809793,0.0955265218974371,0.668207392432261,0.0369204051446401,0.70776663925732,0.0376522252059366,0.653786201902881,0.0429196218500961,0.741866015588745,0.0512681107743206,0.717221627378987,0.057049782402462
0.995209239593244,0.0456420984900348,1.02559109509725,0.0784111958344978,0.44864487787982,0.0810177843623985,-0.0908862583960939,0.0972934412207155,0.71263109662806,0.0369012988992934,0.743676012985245,0.0401118880795047,0.702924596728285,0.045135488628741,0.619657293042156,0.0492607802242848,0.612185372596888,0.0615024810131895
1.02171416620943,0.0443410589940648,1.00624885004721,0.0735488008185943,0.571581743733407,0.0652640179840976,-0.0779339629964368,0.0992649511359883,0.750201216382386,0.0365431282254685,0.644305765614555,0.0393657824136891,0.665111596617948,0.0448656822638068,0.730130277153544,0.0503091103644531,0.672134002742489,0.0579929831492855
1.0120005583019,0.0440744040533759,0.924286756749472,0.0709084793242802,0.460038123159603,0.0945320558439379,0.0366621405611775,0.0944079015700888,0.657162729818429,0.0379258860848869,0.676112600690168,0.0388489795711846,0.607511914953109,0.0439861668429052,0.696894772754019,0.0495810060658399,0.629635590240791,0.0592051581296885
1.0470229997587,0.0435038001185248,0.814634859691632,0.062988331921231,0.578332603528231,0.0709741436257817,0.00671680268269789,0.0967655626332852,0.740773353076472,0.0367447837630922,0.647230598489383,0.0380334789642847,0.695560998644079,0.0396492872434167,0.654790636997777,0.0527777531659487,0.592778263938823,0.0702464052601663
1.00157161389448,0.0451846178241419,1.00828188049229,0.0784320887338511,0.495470870440432,0.0884573099159984,-0.00856779423546325,0.09579278269439,0.716948277282063,0.0381221549719711,0.663388477567807,0.0407642099800909,0.740218931208713,0.0445739140749184,0.6330520584594,0.0532082565001247,0.61266392936019,0.0616156251819128
0.958557389016439,0.0440835573290236,0.91342828683337,0.0683206822543818,0.374130719993115,0.0880917632954593,-0.165372161441879,0.0986643513975056,0.715282318095913,0.0369724359001924,0.659034866617908,0.0381328409133551,0.7004938654229,0.0430737573530545,0.651176282773816,0.0530749573797177,0.653592486606333,0.0572766939889433
0.932509185337318,0.0434917938504905,0.91937991729471,0.0676524049838833,0.442261140254136,0.0863944996499004,-0.15605309856382,0.0917121278239387,0.739548624242657,0.0338690736598071,0.692009510237032,0.0375190485708208,0.599349676882602,0.0467234868383399,0.64686030409561,0.0530317475404682,0.760469845931514,0.057648296222319
0.980700476464882,0.0439911068110371,0.952711678603645,0.0714157565954664,0.507348978235256,0.0883604159076257,-0.117559828830705,0.098673142091151,0.724401726882676,0.0382542239390884,0.753022613845474,0.0374084539854483,0.648764928528025,0.0465875830900906,0.656798712923673,0.0544589018494781,0.751426649493997,0.0596708119711487
0.984555778024608,0.0449804787986824,0.999498965671897,0.0759043688422722,0.588117061508934,0.0722565232754451,-0.0282413125518887,0.100878682255252,0.709702286367082,0.0355924787332789,0.690569018604708,0.0378240763157067,0.6925611376377,0.0454522987098272,0.682244213808951,0.052451042516725,0.685126162019427,0.0630680257555258
0.985789027617608,0.0472414064849547,1.0102407917556,0.0760806036980971,0.398349392768173,0.0934784647950251,0.0779308473777086,0.09854243034705,0.709898856221042,0.0365180536455871,0.653783267921989,0.0407707504457001,0.680328047452412,0.043208640723935,0.752513299681633,0.0496757236626629,0.689655547233192,0.0691914827719952
0.972641019934315,0.0420710283456664,0.798517588675924,0.0601213523816672,0.502659063656947,0.0691093601147926,0.0163801239965216,0.0908655989833059,0.68738066652665,0.0349163853025895,0.650786834315963,0.0392700032026507,0.644139139563193,0.044671818844444,0.67829030881002,0.0536160231647078,0.644135747413396,0.0577313334507573
0.989682208366987,0.0449703505730821,0.972043280390312,0.0747328100234252,0.480727656479313,0.0863703496936166,-0.0635685030964714,0.101053167846931,0.746962241292213,0.0372244801294636,0.686726071021339,0.0381611271128854,0.672144216723962,0.0438564480562219,0.631183470968459,0.0562913808374866,0.71202113624753,0.0605995231124588
0.997743538743627,0.0445798226041355,0.856665626356792,0.0663493714898295,0.474024731581253,0.0844846599850263,0.00595488876629439,0.0981805891263976,0.690383538018837,0.0370464121438497,0.673604034343114,0.0392746704360315,0.715331048612188,0.0434376262372908,0.651341223011046,0.0535200965658214,0.67153861555287,0.0638682866785237
0.994019637844527,0.0456021788991221,1.07830749095849,0.0818587860381621,0.376361032173437,0.0854649744658472,-0.0322478307628659,0.0954869870223861,0.715357957734125,0.0370960240390315,0.681988761173564,0.0392686481630714,0.688517229349967,0.0424807577027776,0.795367722207884,0.0473940459780071,0.668802323511904,0.0723254547464514
0.981998055290453,0.0450322116946071,0.973595482390546,0.0754036420120916,0.56367709266083,0.0736225027590242,0.0591873221398106,0.104769350672657,0.690197717253791,0.0366712808877268,0.666540034130488,0.0397973364265428,0.722618270990714,0.0441345608488542,0.682454942334462,0.0520884222590508,0.609274893168559,0.0665498630364955
1.01763085109097,0.0426668796875528,0.884208534286035,0.0658037548119985,0.567272497509333,0.0720517650690808,-0.0798275702227246,0.0965043095103929,0.741914296251241,0.0362095620456809,0.712401538155121,0.0361604030870007,0.734014339171628,0.0435987503390505,0.657802154225453,0.0498684142576323,0.706521965563376,0.0595545063471508
0.953276219825499,0.0441851438558539,0.9485822489234,0.0726625118039823,0.499211012020745,0.0868747711437694,0.036668742180496,0.0964821371986282,0.660947891868004,0.0371342770845048,0.663798895109486,0.0386873351708106,0.706739167181921,0.0423536096286187,0.672577168004716,0.0505289106562611,0.625394259672836,0.0616288858748387
0.915762564972022,0.0436968355375526,0.965593050546109,0.0720236459853518,0.507165866461139,0.0757055274152289,-0.101501703050275,0.0933668677571452,0.714301820849364,0.0354488525316592,0.64557662126403,0.0391652130780211,0.66317838546842,0.043765551695546,0.61121972789177,0.0541747297991425,0.671067642563019,0.0578134780100409
0.996991593880492,0.0445824801483915,1.01783250792993,0.0754535239186486,0.455862437353937,0.0818538014559547,-0.11543896753987,0.0948923858357131,0.706242590318752,0.0353829333480432,0.648378531446171,0.0394856828704181,0.678948319782554,0.0444585448901551,0.79462415128022,0.0458283338097052,0.692460509695524,0.0642883815262855
1.04354865734308,0.0460685297750535,1.07804144803961,0.0825072450019042,0.449275241089735,0.0888087702663311,0.0298245193902973,0.0964358947287289,0.716721732575517,0.037891813346099,0.732433342103666,0.03837614737941,0.729524045920996,0.0465812459172781,0.749145567690439,0.0511618452977248,0.717115229103468,0.0618608977787973
1.01890301947399,0.0442279306467903,0.92940142439736,0.0683853902591627,0.542687329910889,0.0851579978400114,0.179592350306968,0.0960072251363554,0.71164757398804,0.0366553885349579,0.619791961620745,0.0397172707174665,0.631007665004183,0.0438698113022845,0.681128370344059,0.0497277474458365,0.665112856925935,0.0566484962366276
1.07059223231654,0.0464130854557654,1.03785508853136,0.0794158357950283,0.500283763733523,0.0858555454955276,-0.107456460848656,0.102867612299053,0.746850238531406,0.0392906106242025,0.749756568147447,0.0377497714797442,0.635161741214698,0.0448481517646761,0.754651722707418,0.04834992224852,0.604607441715196,0.0639232082111559
0.943125331697949,0.0457652513736778,1.05352427051028,0.079841218751663,0.505198361032081,0.0877045141795552,0.0229533568687984,0.100740816570412,0.698517228664183,0.0372383874342102,0.663655401086495,0.0405260669875359,0.726138372751504,0.0445466716670996,0.689018204475075,0.0512953701872469,0.594791607036798,0.0664536733786727
0.985854390465454,0.046877493787973,1.08491474252083,0.0839021371429055,0.565655461903131,0.0786297970507096,0.00240699787611266,0.103748286646646,0.666619958787992,0.040436589194812,0.637776476694067,0.0399961873573653,0.725214362110104,0.0437149261771295,0.691467987120012,0.0525162389205277,0.669200467924966,0.0630909633408255
1.03119654705792,0.0465575568746881,1.04281063760013,0.0807239754149451,0.548445204591157,0.0816997705068301,-0.0898667402292496,0.100099582424396,0.722230695606196,0.0383505585038651,0.731628049250316,0.0377630425697971,0.722408959955358,0.0430466821903512,0.76143270247881,0.049339302052742,0.683506979744442,0.060970286303693
1.04748672066128,0.0486311821117539,1.0922427470786,0.0854016299890909,0.42571656503423,0.099123955834391,-0.000945589086583279,0.100498221226688,0.729335299186328,0.0375912620554619,0.768838520756629,0.0381953975241336,0.697367950700116,0.0448945644721526,0.677780423865647,0.0540207899833788,0.77000816399231,0.064427034950599
1.01428716627521,0.0445603716376743,0.928738657021033,0.0724822010112277,0.573935702929213,0.0750317933224201,0.0522770953381651,0.0989899903351165,0.683888826094367,0.0377113341131722,0.748447939567499,0.0379981499367642,0.664197755157537,0.0439506386368851,0.753801590068374,0.0475486702079811,0.647659586058688,0.0613841688793111
1.01134984333178,0.0471713775616722,1.0520864287599,0.0801091490983131,0.460869768298715,0.0910068766535142,0.123047901660166,0.0997810232278807,0.688565294795644,0.0380176497774796,0.695833903036566,0.0392487155008175,0.689596025385553,0.0465896239612707,0.672576958725628,0.0546108094702483,0.781015181424024,0.0585816530054861
1.02690559751352,0.0467719637078116,1.00978177472383,0.0769700416767992,0.302523896473038,0.0848056849055605,0.0279310041875151,0.0984708575062118,0.710128775419689,0.0391685197245019,0.671995057212321,0.0389413094806776,0.675074199206693,0.0456797776172548,0.686606717903058,0.0527261068992158,0.763119989293395,0.0586044701538027
1.00695989552641,0.0449464538327515,0.967681092343314,0.072586741735794,0.364631443248814,0.0896073657550983,-0.155306285548697,0.0951889325734869,0.742508011349738,0.037332564312897,0.666503287588654,0.0387486098131217,0.785454477377076,0.0437157119958468,0.709152258121096,0.0511351103077426,0.689323731754801,0.0647263660270754
0.963464863052283,0.0485228585615739,1.16187996995118,0.0900935648410755,0.495861415406384,0.101135208950433,-0.00113340133410591,0.106031702572695,0.709620973911971,0.0408544110577072,0.738685515212522,0.0397957448766969,0.726690081574965,0.046732870944234,0.652576452124144,0.0517838765163797,0.67477497934182,0.062515215419244
1.04930603341327,0.0464714035269495,1.03762746517364,0.0803856032783156,0.527109975437029,0.0824124634374732,0.155191821654093,0.102300342576403,0.718679356051636,0.036274517079749,0.707869912819782,0.037356918931739,0.731225738070888,0.0438342922481771,0.740818109092159,0.0542094773397098,0.659782635290976,0.0610196358798122
1.03284758355883,0.0448290291883257,0.933589591276787,0.0716542050938675,0.463902396840769,0.0888507204237597,0.170810178743134,0.0947564406429871,0.587745333955194,0.0397968373365681,0.68981555931129,0.0388437350281757,0.718467666862419,0.0426026477572088,0.64858259844447,0.0525221074821024,0.752010686304485,0.0589796106632444
1.00593435061286,0.0430793246449918,0.8514588649392,0.0637355502216824,0.45706617917272,0.0879443596808467,0.0233915846367547,0.0967282595226406,0.669068935871943,0.0382954941577947,0.66168752700657,0.0391498097150252,0.675910314359353,0.0429486144286291,0.640730713049535,0.049540703290252,0.634883204113252,0.0561095930429311
0.96214734861849,0.0457692689537797,1.00225775195437,0.0784290322482256,0.656353762244251,0.0582228663098925,0.142689469453245,0.101186098171103,0.697419737286826,0.0379754400972133,0.754396629557206,0.0379074597311123,0.613692444169433,0.0462785855324387,0.731984174086708,0.0519697887485712,0.68674477495738,0.0606880210208408
0.939907806844285,0.0439007302863813,0.943244798170205,0.0709338527287097,0.482800392679694,0.0913223121701928,-0.072911565445765,0.0967873036057407,0.677421122193589,0.0362635573455642,0.712944816842805,0.0389763580057644,0.540171238930762,0.0466336115187882,0.690601908125743,0.0503519561718997,0.686728471541896,0.0580233400765388
1.00244376008396,0.0443323163842391,0.898996712604052,0.0693757256090349,0.451569581602121,0.0853649429248446,0.131888831791805,0.096202088636891,0.638111033780239,0.0393557211672433,0.643783838250002,0.0404016711626162,0.742387297446945,0.0431263725868635,0.714409658068678,0.0467960244964453,0.628796987040675,0.0650896082577945
1.0395501359627,0.0444377020383026,0.962588525423407,0.0725355464412209,0.472396616145926,0.0798425248213876,-0.0157270113554404,0.0989701724993559,0.718647216602862,0.0375297060114977,0.663635596080425,0.0394616504801781,0.78743402909667,0.0423348538726982,0.662473649911638,0.0525537539167102,0.674914801150614,0.0588092711806892
0.977194893517982,0.0456978971159538,1.1174998237571,0.0821064617893423,0.390290560585225,0.0907495482956283,-0.0052868120246418,0.0977323251153324,0.723845323653503,0.0375067426324302,0.677302611861621,0.0409163389044754,0.737911973872509,0.0434530006034427,0.639016613735309,0.0510001414880624,0.726561526315535,0.0581493640808089
0.919349431913724,0.0446772780391206,1.00577565091706,0.0749744563103694,0.595419918502706,0.0660839269342462,-0.201320961933138,0.101259060587961,0.763711754539606,0.0372853841358881,0.721255271981764,0.0370483750161012,0.67666664457299,0.0452952136020593,0.626911073383495,0.0541171317711449,0.67711066944358,0.0611375887168732
0.914604347297064,0.0459935890564197,1.06179638202985,0.0834393463201018,0.494785490597585,0.0977447737457147,-0.0064841985622966,0.101171613969177,0.711668106808772,0.0382808352027664,0.652677838446626,0.0410289353658502,0.571002116157341,0.0461474898301633,0.727466963744167,0.0516811891223794,0.781343123777017,0.0619743728340197
0.980672791054595,0.0467067310667287,0.99723782262104,0.0759755896564275,0.340225530612064,0.0938409255289754,0.0843145492609224,0.0983179397726051,0.649719138897396,0.0394743489959175,0.710441757088007,0.0391910422037289,0.655853264621246,0.0447440913806941,0.770590187147325,0.0481165923020915,0.717039782949218,0.062515299151532
1.00387415912653,0.0473763684857671,1.02952744049088,0.0796176004053259,0.388987752294453,0.100677305869219,0.0252130587252922,0.0988303035197017,0.719336199893166,0.0369334026743295,0.736391445258955,0.0415557115731213,0.675913641198397,0.0465130083692336,0.775372443437736,0.0468555047241209,0.722411562546144,0.0590990128601908
1.08077913773267,0.0474597153317679,1.03165212499267,0.0782879031836793,0.346301250096757,0.0897929279454029,0.086474464282855,0.10095984303763,0.714549495973909,0.038152287584989,0.739419528601452,0.0374819947029603,0.767056974660953,0.0435586225296972,0.624063953910696,0.0537401542397003,0.621425469147883,0.0621921331005706
0.988327776086589,0.0461567689094302,0.922305036963622,0.0724113013401132,0.528622113713294,0.0912308909640065,-0.0679016400354999,0.103846290109739,0.758532019826336,0.0367335022190135,0.652513934935854,0.039814057503523,0.597003242896719,0.0472128536556255,0.750438134056564,0.0519899169018263,0.711277578541672,0.0594355704166488
1.07496479205851,0.045830721516552,1.00496355933638,0.0773290538434127,0.436513767314936,0.093028177966436,0.117418200114673,0.096053809824607,0.719148265362533,0.0351713015793405,0.698138760363272,0.038830904650238,0.672444774893306,0.0449146250067567,0.61021915917839,0.0530413674190523,0.754272423585877,0.0591619514944513
0.88670566661262,0.0416728242395901,0.871750729564634,0.0643158079740552,0.525451793864606,0.0759697760422986,-0.0386655511246335,0.0942293782601866,0.70442281524236,0.0353019155537936,0.643766257597833,0.0394604206513221,0.669907725418779,0.045189386153146,0.679817201226155,0.0495817979277704,0.648708018495689,0.0616281777197756
1.00108849449537,0.0465239924891998,0.965232465637705,0.0755987912257725,0.465151246834952,0.0923102953189228,0.162589183250483,0.0958545232680451,0.605872220575814,0.0400901795844548,0.690054259244666,0.0384973234310015,0.68618642528029,0.0456023892713096,0.680412432737693,0.0525119454889532,0.659822551145601,0.0665690299621265
1.02062302349483,0.0463494958922268,1.08116294119543,0.0816753201040543,0.573994783740396,0.0797198459816019,0.139762139323174,0.101826213722698,0.651064941775293,0.0413925694610032,0.746497355398032,0.0353786798394494,0.668762105790115,0.0436585785390349,0.737350956611918,0.0508503715804647,0.578142909916007,0.066318806643454
1.02052109206818,0.0496031369946588,1.1919631964289,0.0929092301535253,0.54894969459738,0.0810863419026919,-0.0846756304409879,0.101278042477884,0.793894441367656,0.0357524819341862,0.657577668838754,0.0408506357660385,0.685109223017034,0.0482792760489855,0.621169092235081,0.0549934792058126,0.745212456062811,0.0574068932629752
0.979297092833774,0.0461353070047745,1.02456738051966,0.0785733033372691,0.388468022188432,0.0880047987410314,0.00362333576893013,0.0939700171640231,0.674514029735395,0.0370417602605869,0.694349537824977,0.0392464502187647,0.735056100407615,0.0433427312834298,0.692681072216221,0.0518016217315145,0.664758692119524,0.0642364147206933
1.01521145171572,0.0457566458505943,1.00515560538661,0.0728518217392635,0.587443246349649,0.0574715121285142,0.0687703496789183,0.102787758398524,0.72377036366374,0.0374164670244608,0.687548074782506,0.0376592787143015,0.739272991811628,0.0407181570504301,0.669033606770166,0.0531631891267844,0.737781784693681,0.0578523770720203
1.0106854934438,0.0446320965068808,0.975187736293262,0.0750836052143249,0.500766209444168,0.0855223494955754,0.101805345667527,0.0987251706328478,0.639396664254522,0.0370189109438005,0.687925335777083,0.0377990636670738,0.697197414935968,0.0436455123855766,0.650321271589282,0.0534708976107181,0.721586059634151,0.0611268493102261
0.901408581947619,0.0439495190030474,1.00319672600618,0.0716901632208259,0.473919750156868,0.0912479153018988,-0.146300448101999,0.101123446149235,0.763222502769886,0.0360529134514329,0.678628898434097,0.0387083940815695,0.700412019807256,0.0441965496775863,0.638252227917614,0.0513033003261514,0.739477584559004,0.0611516253731733
0.979471744014588,0.0474457019388499,1.11186135522786,0.0854670938006583,0.49119776016217,0.0904641935175912,-0.0730084258403279,0.0998346170594712,0.718939818082951,0.0379582995687347,0.735427527699752,0.0378898623085741,0.599568918708958,0.0500625899994265,0.721914822038346,0.0524410759789314,0.668393898531971,0.0605263756009858
1.01093044177556,0.0461377333347884,0.998428791005411,0.0787942961016434,0.446996966698214,0.0970402865473976,0.125822163574662,0.0971002807229427,0.782755454403697,0.0369484399616452,0.681616406747169,0.0396442698609313,0.665579935659538,0.0468974089145987,0.686654515497679,0.0548281465413117,0.708990511855316,0.0578853164909068
1.0520379847136,0.0470419163099494,1.11592259751097,0.0804272006323542,0.468628485761393,0.0786887027861096,0.0336128575189129,0.104227591301094,0.640146512587391,0.041899613158258,0.666572226992836,0.0357354526988982,0.810591335565797,0.0393754143994187,0.695538402334106,0.0515442706900538,0.763303389681847,0.0658470813647937
0.993162070592847,0.0480531573943939,1.11338941175207,0.0848562526089618,0.305226167036739,0.0873736247129766,-0.0425007607470568,0.0941978379438236,0.70495300455398,0.0384374557123659,0.672913539561427,0.0403254461921827,0.650849092207128,0.0455356832417262,0.699097997160342,0.0527930889978634,0.707317849371308,0.0600651053067733
1.008775411168,0.0454639918318562,1.02952706419367,0.0783374504666035,0.59625487345996,0.0716342197964282,0.0576627835659529,0.102567468800982,0.707707871898454,0.0368358726438233,0.739717490509229,0.0369786212634821,0.686232452857053,0.0462896382262432,0.680443787888122,0.0521292181222868,0.716388251019292,0.0634206353039287
1.00729781000383,0.0456601016199589,1.01764929859907,0.076015928768747,0.477305395387373,0.0842732775628849,0.0543699060544532,0.102649690231306,0.705592927727991,0.0370527415918056,0.69598900238293,0.0374763813960715,0.69700854366226,0.0440578102063375,0.6954295033533,0.0560294548915478,0.721060026310458,0.0620364224985829
0.945697257287599,0.044332625691658,0.9151306208203,0.069341083971921,0.520957398758678,0.0814564912979558,0.055181411463122,0.0996530310688983,0.653349116343112,0.0374381237679785,0.628990143305091,0.0391737812189353,0.61360643616182,0.0452568439643151,0.655946469393305,0.0518134071536345,0.689187434725772,0.0592771052475794
1.02927228511419,0.0464286762280237,1.07442095598105,0.0823325573332915,0.59771437233105,0.0679772052837332,0.132916518059476,0.101081584408634,0.693480732643507,0.0375092027286639,0.634092687549132,0.0408857418715079,0.709801089165569,0.0457797696673549,0.770708478310593,0.0484491559589828,0.613988178926227,0.066041783144579
0.964770994319731,0.0473254519342613,1.09475540710772,0.081450986546041,0.368583893145421,0.0942984460268726,-0.176738842908709,0.100316892273493,0.711913926452421,0.0379960631734173,0.728656899685896,0.0372200781141744,0.708002630441924,0.0437542127028932,0.769225437579955,0.0524156839858202,0.6817926275,0.069895966566975
1.05542430612198,0.046967612034299,1.03937123312523,0.0779947482533861,0.447281981519675,0.0914079219097561,0.190510940087739,0.102558180108261,0.649250022637705,0.0386369712942984,0.767265773157654,0.0381965643271178,0.754465120509077,0.0436339460732661,0.701516256127163,0.0548388461673047,0.636035281999408,0.0612473204398203
0.943279351449671,0.046185168918564,1.05821206744186,0.0774349391564207,0.310837098993824,0.0824145260539119,-0.435429176035049,0.0955270173537098,0.784029908498449,0.0368547502526933,0.695669764918857,0.038603055290883,0.66717593069281,0.0435683224971438,0.646979278740599,0.0514388693587579,0.699536514861569,0.0635437672950409
0.952041607562998,0.0448446071667406,0.992186378625239,0.0734670823717358,0.484824657360789,0.0826095158049727,-0.0948784412746313,0.103714379887102,0.697219474701691,0.0382367239977852,0.746793351874084,0.035758019778735,0.706174593797368,0.0426276696407794,0.734075791168673,0.0523129374007212,0.707271406089025,0.0608185087184676
1.00543191175027,0.0447338945080144,0.975618302485944,0.0744534145037187,0.618027133966754,0.0571428630577586,0.195205004598018,0.1020898956515,0.690309734638616,0.0371182410596816,0.630030233012705,0.0376330696884914,0.778317775196919,0.0412431981078637,0.675496509606206,0.0527119422968083,0.691671373348698,0.0592618862539323
1.0554714437532,0.0473487320545691,1.19733265168013,0.0877124306486494,0.434144384548868,0.0967484109166165,-0.103930146345563,0.0951180329779475,0.753865559574868,0.037565909356799,0.666079273232385,0.039067455319434,0.744089313336909,0.0419352553985811,0.750238727604666,0.0498070717389345,0.715819590693953,0.057054721424598
1.04485357950577,0.0448938575387305,0.934313206388643,0.0695606581645667,0.539424318553551,0.0746563345915368,0.123526662191676,0.100258424888901,0.657094339918798,0.0388325684410001,0.761425120729186,0.0359528299766457,0.723319207861402,0.0415926184342998,0.650192587741698,0.0536997394842868,0.590811701977894,0.067886516931851
0.977973868409094,0.044749216899261,0.957942684350056,0.0751677397074827,0.52177649048554,0.0847751744929003,-0.207275825399601,0.101225500081972,0.69550754528463,0.0378725055771001,0.694719421115264,0.0379277227522711,0.631016490131244,0.0467419964288501,0.687058221387882,0.04945808278106,0.638540096064438,0.0607580905902362
0.964266740287684,0.0432684797831648,0.896041609062131,0.0688162997012183,0.434502821473041,0.0811553773881934,0.0694417722016247,0.0987749954061656,0.62142955373288,0.0379512566140755,0.717594731135147,0.0378242069366737,0.692930996611818,0.0445601332313247,0.651563422086654,0.0531912397532142,0.593107234043557,0.067541160486271
1.0493591287887,0.049012390497241,1.09380178034364,0.0842917596780752,0.638973035710061,0.0721880660942469,0.126646941239786,0.105156184398243,0.70433069409927,0.0396439884468499,0.680485288017336,0.0397995784062293,0.715113285932016,0.0455120891035789,0.742598405410914,0.0497182432799207,0.769663888059867,0.0584692196709857
0.953670109944413,0.0461897321493027,1.00699772977699,0.0784465378101212,0.568073806696924,0.0785620746093044,0.0688603282230334,0.0976178979385666,0.633101973487289,0.0393579119401101,0.646386288332107,0.0417371317919699,0.69156113609955,0.0432220150542474,0.705539797500178,0.0488349470162363,0.665041696895595,0.0617533457278621
0.952184126484089,0.0459003118854107,1.05506848995764,0.0811613393638358,0.565479158894898,0.0683587076217254,-0.349367320701643,0.100443558264266,0.751957451576895,0.0375997042749607,0.71571415354098,0.0360352023460757,0.632215715979312,0.0455865842258154,0.667063126658438,0.0525648434665222,0.621002203540027,0.069216565550602
0.970921551453913,0.0462250714525937,1.09142272660674,0.0805291261399958,0.495743613017278,0.0946885638593664,-0.125720987962028,0.102422460292376,0.735365748990407,0.0390762877700391,0.703684373863794,0.0384461339479772,0.690648241348279,0.0443310718464728,0.67075072115504,0.0509958201275854,0.788708636180073,0.0586963487063763
0.995706344889125,0.0458567375107543,1.02467844622518,0.0770371160459632,0.463996884251215,0.0924936732126503,0.169679707527234,0.101095545280024,0.679555712140267,0.0383132760264004,0.659575867554599,0.0411695454470141,0.783414158284794,0.0438037264858498,0.643399992838607,0.0536803072295867,0.727127426703919,0.0581699087665305
0.973667031551388,0.0423390196497029,0.920554471492496,0.068708554298549,0.465354298997875,0.0889771290645342,-0.180191328899252,0.0981084785715438,0.71927172472575,0.0375371505428327,0.677986499986548,0.0377746067462506,0.653519673793046,0.0445113792662834,0.671114963064689,0.0482818127808371,0.61339116744826,0.0612966866055792
1.03133475933246,0.0486591381879979,1.14017501873173,0.0901190767076747,0.423074895537228,0.0911281490448602,-0.0130344517229412,0.102747100905983,0.686687369047043,0.0361251897603928,0.750243163003075,0.0396526497239132,0.71360199465028,0.0479700940119625,0.727237728703531,0.0534061982611431,0.77162540556324,0.0602012831061865
1.13177072580021,0.0457939208885748,1.05470598263932,0.0798718869727009,0.512027110392236,0.0852240256156327,0.070885128579348,0.095983394929589,0.733591405364363,0.0378928106050075,0.684073431163104,0.0376356282904643,0.717846662301692,0.0424386628987497,0.652235343206425,0.0505018186037037,0.697566459480239,0.061872322330834
0.999117425966437,0.0471475960767917,1.13325766507414,0.0829944709434643,0.463834631068694,0.0872140983746874,-0.0865554256605531,0.103840058438086,0.701352166208201,0.0387617567395087,0.714802356564296,0.0388934230441166,0.662567806326272,0.0463755307870472,0.699871230545455,0.0497833226117245,0.766825202794836,0.0574670429865948
0.951886478464711,0.0426062058994997,0.867711860631622,0.0658401803189632,0.591954624927252,0.062877856470371,0.08133890874713,0.0974919623950116,0.682252858183033,0.0369258002163139,0.671460310455463,0.0370604620574725,0.671618227816435,0.0411135253966842,0.715086967565511,0.0467833471972584,0.619437929419272,0.0658116495492715
1.03034109952012,0.0467489110679224,1.05108938283234,0.0791254243675404,0.561724986281645,0.0831182633175192,0.0295955769289327,0.103159390842213,0.635159172952237,0.0403880458092981,0.730253833425043,0.03941819379483,0.742053372132746,0.0431764972205744,0.745040439083169,0.0489940880428636,0.753773237185371,0.057091631525509
0.955959503799772,0.0459290364550765,0.987702451425673,0.0756580427862075,0.442334418999818,0.0895478975717772,-0.0446553741780214,0.106281998331761,0.686034893123519,0.0394952033538605,0.756284777385111,0.0394190592805101,0.611549145456858,0.0440587474403868,0.7736185136249,0.0484938689649279,0.673881926280217,0.0624607508961328
1.13216467156595,0.0490608550929993,1.1229292268684,0.0895611488468525,0.613474192792857,0.0792169994580158,0.24239736526711,0.107898622770473,0.695611526009491,0.0384644841410742,0.679821416566946,0.0416442109588823,0.787378485721532,0.0437470073067681,0.763446661490852,0.0509433429694668,0.610838704057512,0.0648567388356096
1.06768184532264,0.0473393666524506,1.03279537500571,0.0797450136211971,0.460939844658047,0.0902436319874395,0.204395062745285,0.103907136600182,0.685766907216655,0.0400273832044492,0.718380481856667,0.0383081808895847,0.683141912583055,0.043452107139433,0.65052929357997,0.0526267596026308,0.79686853397498,0.0547900789370759
0.958726178339766,0.0440245421396629,0.897397954896821,0.0696556174395494,0.576887052130665,0.0727847718208284,0.0391187120324734,0.0985872847150099,0.630630933644716,0.038468469713906,0.724504461786263,0.0353241092195005,0.62250276944307,0.0465791608100973,0.700317037071497,0.0505041101830782,0.693240378368006,0.0583468942296181
1.04669155978319,0.0460971372052025,1.03860271456345,0.080112396008724,0.543273672634335,0.0811375589753252,0.113508680072283,0.104637951814346,0.701579217654632,0.0398907226454019,0.698559758228855,0.0398187892686956,0.7047818367964,0.0455976187802193,0.715827395970305,0.0485367808579384,0.673453132180115,0.0593384401418024
0.95248443789288,0.0479278827366756,1.11471676135123,0.0847032981992257,0.314200732000189,0.0951012290340985,-0.065519681373652,0.0993166139347338,0.726376857723317,0.0368337962721898,0.671983791794532,0.0414062484712137,0.706863676985323,0.0481035774523932,0.802292492525238,0.0509099575450888,0.612917300863046,0.0678461828699715
0.984236668045737,0.047822585886833,1.06953062654342,0.0820277405251274,0.459666534038787,0.0944474479053755,0.112145209596058,0.100218177082699,0.620360922097936,0.0404712470736297,0.721497204160506,0.038928271939367,0.661120970879183,0.0447224966485757,0.675433897463362,0.0508780779272707,0.701037741745762,0.0594555258558847
1.10462128806486,0.0477959742254086,1.05336351108284,0.0795136264839404,0.562657583205644,0.0756097553095919,0.163459554511317,0.104479942822628,0.629618407108948,0.0414482056015006,0.741567068723117,0.0370014550273432,0.720174561755346,0.0418162102004353,0.791181241857894,0.0478170404608947,0.685213850025931,0.0635240518651731
1.03825497832023,0.0470809939626201,1.02567245976718,0.0777496611933207,0.454176062269062,0.0859853958012214,-0.0324802864412062,0.0986935448798484,0.72065794264483,0.0370653284777257,0.708554772877498,0.0374425848798605,0.740205599528805,0.0425848764178364,0.729489687030724,0.0550651696310908,0.722527521803746,0.0649660751376262
1.02331218838739,0.0462249464820983,1.09953141425787,0.0821710622393527,0.562627896892953,0.0749411459685656,-0.0567683045765923,0.0975960014212589,0.669612701825867,0.0385670681727351,0.68903603684202,0.0380101716570205,0.692270721440555,0.0414708757124962,0.724399092639238,0.0515456270830984,0.711016086060117,0.0628633837119339
1.05974026457611,0.0476836572104117,1.0825227449284,0.0835960245058763,0.439092601442906,0.0904423153347301,0.19400832033425,0.0998811154021834,0.65404950911011,0.0392033035860121,0.78412618513315,0.0362579550595351,0.604545397359336,0.0490946075856289,0.771447675121524,0.0505002891352689,0.700222393280185,0.0611675066280597
1.07406843916502,0.0447515238209443,0.924580853635116,0.0689149285775912,0.477190897555904,0.0849094338300586,0.0179268314081831,0.0994527761368352,0.692970834448027,0.0381993821365445,0.72352763921254,0.0373157434554246,0.66765055294173,0.0440001907014607,0.565199471927663,0.0542224806091354,0.679317484930245,0.0582918408195914
0.942061999870147,0.0436110683319747,0.901040037389451,0.0687907936811259,0.45853902509398,0.0853172777678587,-0.00912387836615992,0.0985332507911503,0.665926052130093,0.0360996257816042,0.684414281303624,0.0404363351445997,0.618931731274002,0.0450831966604219,0.707568500370154,0.0516251707161365,0.623750511955669,0.0627605877582126
1.03003313089655,0.0456904180597353,0.902725721668951,0.0709891949657913,0.557787924189261,0.0808042780904981,0.165929813928424,0.103022859439326,0.674342982678388,0.038638244005206,0.676577720286828,0.0389925634768597,0.761788812453129,0.0425222824018808,0.6574451800139,0.0568820777148544,0.675545813759433,0.0638649968860981
0.940908939733276,0.0444021813621346,0.939359503159994,0.0731046737601217,0.640821120621575,0.0618422268526094,-0.0185348625155896,0.0982840574576917,0.676202533320495,0.0370765733580129,0.676555816667569,0.0390454412376317,0.64685994375029,0.0425267399054892,0.637024187428645,0.0487869524896628,0.74269695408285,0.0613603062015195
0.931300378154042,0.0444784059654084,0.909508307354371,0.0687564365533097,0.520932773711187,0.0865018946097515,-0.113605654506409,0.098536752404852,0.662327381474634,0.0368508800070432,0.657246287904166,0.0382837854903507,0.730131721064512,0.0426217761730595,0.668898619040449,0.050744439570296,0.605978014728495,0.0701403935114779
1.03162702172363,0.0460873095709232,0.988386090051428,0.0781319761426575,0.659674754488071,0.0671624502303532,-0.0966578341629836,0.105211462573447,0.769413156968536,0.0366381829915298,0.637701948148055,0.0415628252026781,0.654557298340641,0.0441769077203579,0.708416007395687,0.0487744376481358,0.705885348952965,0.0585260098568336
1.00504645400359,0.0467750630824384,1.06058593449835,0.0822852234138507,0.611948471271219,0.0714260900531504,0.0262909586226631,0.100443339744931,0.726658875069442,0.0371136970423718,0.720864405760186,0.0367664093457336,0.670509505639473,0.0465672008539294,0.72126672643004,0.0522788187468041,0.64117249233576,0.0607683021849273
1.00156762639688,0.0446325294935217,0.983733164673356,0.0713163709607152,0.565991828590194,0.0691929589724247,0.00765542207458896,0.103379536548439,0.759439969248589,0.0370154678061742,0.695505189630545,0.0375019261564733,0.60238547955764,0.0452168973435614,0.732350553501764,0.0501235098812046,0.687411228674765,0.055941018652931
1.0070146728181,0.0466093529967103,0.977290011996774,0.0742400063511021,0.517722941759211,0.0913526783472859,-0.0981223615061179,0.101655674764675,0.735526260996388,0.0366733623121914,0.708732488526405,0.0390239998777039,0.665798090550369,0.0448279622669164,0.690618454220377,0.0520878308007976,0.755180774271395,0.061644041509336
0.960185945006138,0.0457649516693437,1.04207808392826,0.0807592751276569,0.495509005512146,0.0925277195801812,-0.0437092507370773,0.0992525676618102,0.707921982944135,0.0379411053980978,0.73006740904269,0.0384021824096081,0.722384890747267,0.0429611354596396,0.734842360031525,0.0527674341244332,0.748303252082738,0.0660509280887804
0.965746492110113,0.0447174225236338,0.999695405380573,0.0759437735267346,0.450247889256873,0.0917096233338989,-0.0704088308843986,0.0947204870547507,0.732837803046098,0.0367600766751349,0.629833282158084,0.0386900173265003,0.777241847385702,0.0444437659417121,0.630781266175166,0.0582398915047502,0.713156432774884,0.0639201390402583
1.06152528876394,0.0476134116665358,1.02799012304586,0.0785142205585456,0.4986578003447,0.0902843045473921,0.0604128820226288,0.100067946284323,0.739949932188431,0.0358832327134315,0.714565634709135,0.0397304663409004,0.738045188409504,0.0421548238155173,0.799721584397274,0.0517610995763857,0.757765369479916,0.0609098747243539
0.936546610767893,0.0452921447814441,1.01568385792207,0.0760868405817138,0.418553414854962,0.0888303301157452,-0.0185886261166134,0.0901554294618699,0.732608442275582,0.0364357511364864,0.685810117532307,0.0376532387787838,0.612740704515394,0.0477824976044749,0.675256695959821,0.0509185445702926,0.704426058883743,0.063213234038324
0.963220434962734,0.0446398438214467,0.9634084079767,0.0742435406049436,0.407200652472442,0.0895849721917707,-0.0912986322868281,0.0964309444637812,0.686318482988926,0.0373716499177504,0.694973401117509,0.0375850926824948,0.633024539995581,0.0446491628408414,0.632897124547781,0.0533245740490245,0.588173179355743,0.0641556923680663
0.924727660849337,0.0500851654065832,1.24471391071802,0.098456763546394,0.369621600217316,0.105907281029977,-0.0854740088700074,0.106472972409891,0.701955936667615,0.040826487544007,0.743149148550516,0.0423437031347346,0.73948561235879,0.0453809990234271,0.592082555494821,0.0564376241407601,0.749161106578836,0.0583821642581966
1.00797133846792,0.0462138193695979,1.03583301888402,0.0782659892790771,0.372584938657098,0.0910778719260046,-0.0318674297248628,0.0974961631989235,0.6747010581591,0.0388912574025938,0.707535645020685,0.0376531921804947,0.668409569988248,0.0443815837692247,0.674833286344482,0.0543119931681995,0.722838897145721,0.0605654679269986
0.977451808609357,0.0460372610307767,1.03766845861944,0.0785716615879843,0.39038468913367,0.0958770119610907,-0.0611778056970921,0.0986997383469748,0.708915360121324,0.0387118898844544,0.752143399892185,0.0373804918113497,0.700631602091478,0.0434851584575649,0.602881430637626,0.0568590521422085,0.727321173722914,0.060795503057676
